ID	Assessment	Class	IUCN_Group_Number	IUCN_Group	IUCN_Subgroup		Name	Scope	Severity	Irreversibility	Past_criticality	Current_criticality	Trend_of_change	Future_criticality	Systemic_activity_(level_of_activity)	Systemic_activity_(no._of_influenced_elements)	Systemic_Activity	Strategic_relevance_(value)	Strategic_relevance_(Rank)	Manageability	Knowledge	Rank	Region	Climate	Human_Development_Index
1	CN-NAJ	Stress	2.2	Species_disturbance	2.2.2	Population_dynamics	Reduced_population_sizes	4	4	4	NA	4	NA	NA	NA	NA	NA	NA	NA	NA	NA	NA	World	Subtropics	High
2	CN-NAJ	Stress	1.1	Ecosystem_conversion	1.1.1	Loss_of_habitat	Decrease_of_space_availability	4	4	4	NA	4	NA	NA	NA	NA	NA	NA	NA	NA	NA	NA	World	Subtropics	High
3	CN-NAJ	Stress	1.3	Indirect_ecosystem_effect	1.3.5	Succession_and_regeneration	Reduced_regeneration_capacity	4	3	3	NA	4	NA	NA	NA	NA	NA	NA	NA	NA	NA	NA	World	Subtropics	High
4	CN-NAJ	Stress	2.2	Species_disturbance	2.2.2	Population_dynamics	Unbalanced_population_age_structure	3	4	4	NA	4	NA	NA	NA	NA	NA	NA	NA	NA	NA	NA	World	Subtropics	High
5	CN-NAF	Stress	1.2	Ecosystem_degradation	1.2.2	Freshwater_hydrological_regimes	Decrease_of_water_quantity	4	3	3	NA	4	NA	NA	NA	NA	NA	NA	NA	NA	NA	NA	World	Subtropics	High
6	CN-NAF	Stress	1.2	Ecosystem_degradation	1.2.2	Freshwater_hydrological_regimes	Decrease_of_water_quality	4	1	2	NA	3	NA	NA	NA	NA	NA	NA	NA	NA	NA	NA	World	Subtropics	High
7	CN-JIU	Stress	1.2	Ecosystem_degradation	1.2.3	Soil_conditions	Humus_reduction	1	1	1	1	1	NA	NA	NA	NA	NA	NA	NA	NA	NA	NA	World	Subtropics	High
8	CN-JIU	Stress	1.2	Ecosystem_degradation	1.2.3	Soil_conditions	Eroded_soils	1	2	2	1	2	NA	NA	NA	NA	NA	NA	NA	NA	NA	NA	World	Subtropics	High
9	CN-JIU	Stress	1.1	Ecosystem_conversion	1.1.2	Change_of_structure	Reduction_of_canopy_closure	3	1	1	1	2	NA	NA	NA	NA	NA	NA	NA	NA	NA	NA	World	Subtropics	High
10	CN-JIU	Stress	2.2	Species_disturbance	2.2.2	Population_dynamics	Unbalanced_population_age_structure_(Reduced_number_of_mature_plants)	1	1	2	NA	2	NA	NA	NA	NA	NA	NA	NA	NA	NA	NA	World	Subtropics	High
11	CN-JIU	Stress	2.2	Species_disturbance	2.2.2	Population_dynamics	Worsening_habitat_conditions_for_young_plants_and_reduced_germination	3	1	1	NA	2	NA	NA	NA	NA	NA	NA	NA	NA	NA	NA	World	Subtropics	High
12	CN-JIU	Stress	2.2	Species_disturbance	2.2.2	Population_dynamics	Low_seed_production	3	2	2	NA	3	NA	NA	NA	NA	NA	NA	NA	NA	NA	NA	World	Subtropics	High
13	CN-JIU	Stress	1.3	Indirect_ecosystem_effect	1.3.5	Succession_and_regeneration	Reduced_regeneration	3	2	2	NA	3	NA	NA	NA	NA	NA	NA	NA	NA	NA	NA	World	Subtropics	High
14	CN-JIU	Stress	2.3	Indirect_species_effect	2.3.2	Community_composition	Loss_of_food_availability	4	3	2	NA	3	NA	NA	NA	NA	NA	NA	NA	NA	NA	NA	World	Subtropics	High
15	CN-JIU	Stress	1.2	Ecosystem_degradation	1.2.2	Freshwater_hydrological_regimes	Low_water_levels	2	3	3	1	3	NA	NA	NA	NA	NA	NA	NA	NA	NA	NA	World	Subtropics	High
16	CN-JIU	Stress	1.2	Ecosystem_degradation	1.2.2	Freshwater_hydrological_regimes	Degradation_of_aquatic_habitats	3	3	3	NA	3	NA	NA	NA	NA	NA	NA	NA	NA	NA	NA	World	Subtropics	High
17	CN-JIU	Stress	2.2	Species_disturbance	2.2.2	Population_dynamics	Reduced_population_sizes	4	4	4	NA	4	NA	NA	NA	NA	NA	NA	NA	NA	NA	NA	World	Subtropics	High
18	CN-JIU	Stress	2.1	Species_mortality	2.1.1	Loss_of_biodiversity	Death_of_plants_and_animal_individuals	4	2	2	1	3	NA	NA	NA	NA	NA	NA	NA	NA	NA	NA	World	Subtropics	High
19	CN-JIU	Stress	1.3	Indirect_ecosystem_effect	1.3.4	Fragmentation	Loss_of_connectivity_(forests)	1	1	1	NA	1	NA	NA	NA	NA	NA	NA	NA	NA	NA	NA	World	Subtropics	High
20	CN-JIU	Stress	1.3_	Indirect_ecosystem_effect	1.3.4	Fragmentation	Fragmentation	3	3	3	NA	3	NA	NA	NA	NA	NA	NA	NA	NA	NA	NA	World	Subtropics	High
21	CN-JIU	Stress	1.1	Ecosystem_conversion	1.1.1	Loss_of_habitat	Decrease_of_forest_area_(old-growth_forest)	2	2	2	NA	2	NA	NA	NA	NA	NA	NA	NA	NA	NA	NA	World	Subtropics	High
22	CR-MAN	Stress	2.2	Species_disturbance	2.2.2	Population_dynamics	Malformation_of_reptile_eggs	1	1	1	1	1	1	1	NA	NA	NA	3	1	2	2	7	LatAm	Tropics	High
23	CR-MAN	Stress	2.2	Species_disturbance	2.2.1	Physiology_and_behaviour	Increased_noise_pollution	1	1	1	1	1	2	3	NA	NA	NA	6	1	3	2	6	LatAm	Tropics	High
24	CR-MAN	Stress	2.3	Indirect_species_effect	2.3.2	Community_composition	Changes_in_species_composition_(new_competitors,_parasites,_predators)	3	3	4	1	4	1	1	NA	NA	NA	6	1	4	3	6	LatAm	Tropics	High
25	CR-MAN	Stress	2.2	Species_disturbance	2.2.2	Population_dynamics	Reduced_population_sizes_(fish_and_shell_fish)	3	3	3	3	3	2	1	NA	NA	NA	6	1	4	3	6	LatAm	Tropics	High
26	CR-MAN	Stress	1.3	Indirect_ecosystem_effect	1.3.1	Climatic_changes	Increased_temperature_of_nesting_materials_of_birds	4	4	3	1	4	1	1	NA	NA	NA	6	1	2	1	6	LatAm	Tropics	High
27	CR-MAN	Stress	2.2	Species_disturbance	2.2.2	Population_dynamics	Changes_in_sex_ratio_of_reptile_populations	4	4	3	1	4	1	1	NA	NA	NA	6	1	2	1	6	LatAm	Tropics	High
28	CR-MAN	Stress	1.1	Ecosystem_conversion	1.1.1	Loss_of_habitat	Decrease_of_forest_area	4	4	3	3	4	2	2	NA	NA	NA	8	2	3	2	5	LatAm	Tropics	High
29	CR-MAN	Stress	2.2	Species_disturbance	2.2.1	Physiology_and_behaviour	Mechanic_physical_damage	2	2	3	1	3	2	3	NA	NA	NA	8	2	3	2	5	LatAm	Tropics	High
30	CR-MAN	Stress	1.2	Ecosystem_degradation	1.2.1	Marine_water_characteristics	Physical_changes_in_the_water_column	3	3	2	1	3	2	3	NA	NA	NA	8	2	3	2	5	LatAm	Tropics	High
31	CR-MAN	Stress	1.2	Ecosystem_degradation	1.2.1	Marine_water_characteristics	Increase_of_organic_particles_in_suspension	2	3	2	2	3	2	4	NA	NA	NA	9	3	3	2	4	LatAm	Tropics	High
32	CR-MAN	Stress	2.3	Indirect_species_effect	2.3.2	Community_composition	Changes_in_the_trophic_chains	4	4	4	4	4	3	2	NA	NA	NA	9	3	4	2	4	LatAm	Tropics	High
33	CR-MAN	Stress	1.2	Ecosystem_degradation	1.2.3	Soil_conditions	Polluted_soils_(mud,_garbage,_wood_on_beaches)	3	3	3	2	3	2	4	NA	NA	NA	9	3	3	1	4	LatAm	Tropics	High
34	CR-MAN	Stress	1.2	Ecosystem_degradation	1.2.1	Marine_water_characteristics	Changes_of_water_salinity	3	1	2	1	2	3	4	NA	NA	NA	9	3	4	1	4	LatAm	Tropics	High
35	CR-MAN	Stress	2.1	Species_mortality	2.1.1	Loss_of_biodiversity	Reduced_species_diversity_and_abundance_(corals)	3	3	3	1	3	3	4	NA	NA	NA	10	3	3	2	3	LatAm	Tropics	High
36	CR-MAN	Stress	1.2	Ecosystem_degradation	1.2.3	Soil_conditions	Changes_in_granulation_and_composition_of_beaches	2	1	3	1	3	3	4	NA	NA	NA	10	3	2	1	3	LatAm	Tropics	High
37	CR-MAN	Stress	1.2	Ecosystem_degradation	1.2.1	Marine_water_characteristics	Increased_sediment_load	4	3	3	2	4	2	4	NA	NA	NA	10	3	2	1	3	LatAm	Tropics	High
38	CR-MAN	Stress	2.1	Species_mortality	2.1.1	Loss_of_biodiversity	Loss_of_species	3	2	3	1	3	3	4	NA	NA	NA	10	3	4	2	3	LatAm	Tropics	High
39	CR-MAN	Stress	2.3	Indirect_species_effect	2.3.1	Synecological_interactions	Changed_patterns_of_species_distribution_and_migration	3	3	3	1	3	3	4	NA	NA	NA	10	3	4	1	3	LatAm	Tropics	High
40	CR-MAN	Stress	2.3	Indirect_species_effect	2.3.2	Community_composition	Changes_in_species_distribution_and_abundance	3	3	3	1	3	3	4	NA	NA	NA	10	3	2	2	3	LatAm	Tropics	High
41	CR-MAN	Stress	2.2	Species_disturbance	2.2.1	Physiology_and_behaviour	Changes_in_calcification_regimes	4	2	4	1	4	3	4	NA	NA	NA	11	4	3	2	2	LatAm	Tropics	High
42	CR-MAN	Stress	1.2	Ecosystem_degradation	1.2.1	Marine_water_characteristics	Ocean_acidification	4	3	4	1	4	3	4	NA	NA	NA	11	4	3	2	2	LatAm	Tropics	High
43	CR-MAN	Stress	2.2	Species_disturbance	2.2.1	Physiology_and_behaviour	Changes_in_species_behaviour_(turtles,_light)	2	3	4	1	4	3	4	NA	NA	NA	11	4	3	2	2	LatAm	Tropics	High
44	CR-MAN	Stress	2.2	Species_disturbance	2.2.1	Physiology_and_behaviour	Changes_in_species_behaviour_(monkeys)	4	4	4	1	4	3	4	NA	NA	NA	11	4	2	2	2	LatAm	Tropics	High
45	CR-MAN	Stress	1.1	Ecosystem_conversion	1.1.1	Loss_of_habitat	Decrease_of_beach_area	4	4	4	1	4	3	4	NA	NA	NA	11	4	4	3	2	LatAm	Tropics	High
46	CR-MAN	Stress	1.1	Ecosystem_conversion	1.1.2	Change_of_structure	Changes_in_coral_reef_structure	2	3	4	1	4	3	4	NA	NA	NA	11	4	4	2	2	LatAm	Tropics	High
47	CR-MAN	Stress	1.2	Ecosystem_degradation	1.2.2	Freshwater_hydrological_regimes	Changed_water_regime	4	4	4	1	4	3	4	NA	NA	NA	11	4	4	2	2	LatAm	Tropics	High
48	CR-MAN	Stress	2.2	Species_disturbance	2.2.1	Physiology_and_behaviour	Thermic_stress_of_corals	4	4	4	1	4	3	4	NA	NA	NA	11	4	2	2	2	LatAm	Tropics	High
49	CR-MAN	Stress	1.2	Ecosystem_degradation	1.2.1	Marine_water_characteristics	Increased_sediment_load_at_coral_reefs	4	4	4	1	4	4	4	NA	NA	NA	12	4	4	2	1	LatAm	Tropics	High
50	CR-CAH	Stress	1.1	Ecosystem_conversion	1.1.1	Loss_of_habitat	Decrease_of_wetland_area	1	1	2	1	2	3	3	NA	NA	NA	8	2	3	2	7	LatAm	Tropics	High
51	CR-CAH	Stress	1.3	Indirect_ecosystem_effect	1.3.3	Energy_flow	Reduced_productivity_of_wetlands	1	1	2	1	2	2	3	NA	NA	NA	7	2	4	3	6	LatAm	Tropics	High
52	CR-CAH	Stress	1.2	Ecosystem_degradation	1.2.2	Freshwater_hydrological_regimes	Changes_in_the_salinity_of_wetlands	3	3	3	1	3	2	3	NA	NA	NA	8	2	4	2	5	LatAm	Tropics	High
53	CR-CAH	Stress	2.1	Species_mortality	2.1.1	Loss_of_biodiversity	Reduced_species_diversity	3	3	3	1	3	2	3	NA	NA	NA	8	2	4	3	5	LatAm	Tropics	High
54	CR-CAH	Stress	1.2	Ecosystem_degradation	1.2.1	Marine_water_characteristics	Increase_of_organic_particles_in_suspension	3	3	3	2	3	3	2	NA	NA	NA	8	2	2	2	5	LatAm	Tropics	High
55	CR-CAH	Stress	1.2	Ecosystem_degradation	1.2.3	Soil_conditions	Polluted_soils_(Agrochemicals)	3	3	3	4	3	3	2	NA	NA	NA	8	2	2	2	5	LatAm	Tropics	High
56	CR-CAH	Stress	2.2	Species_disturbance	2.2.1	Physiology_and_behaviour	Reduced_percentage_of_eggs_hatching	3	3	4	3	4	2	3	NA	NA	NA	9	3	2	1	4	LatAm	Tropics	High
57	CR-CAH	Stress	2.2	Species_disturbance	2.2.2	Population_dynamics	Reduced_population_sizes	3	3	3	2	3	3	3	NA	NA	NA	9	3	2	1	4	LatAm	Tropics	High
58	CR-CAH	Stress	2.3	Indirect_species_effect	2.3.2	Community_composition	Increased_productivity_of_algae	3	3	3	2	3	3	3	NA	NA	NA	9	3	4	2	4	LatAm	Tropics	High
59	CR-CAH	Stress	2.3	Indirect_species_effect	2.3.1	Synecological_interactions	Loss_of_access_to_nesting_sites_(beaches)	3	3	3	2	3	3	3	NA	NA	NA	9	3	2	1	4	LatAm	Tropics	High
60	CR-CAH	Stress	1.2	Ecosystem_degradation	1.2.1	Marine_water_characteristics	Increased_sediment_load	3	3	3	3	3	4	3	NA	NA	NA	10	3	2	1	3	LatAm	Tropics	High
61	CR-CAH	Stress	2.2	Species_disturbance	2.2.2	Population_dynamics	Changes_in_sex_ratio_of_reptile_populations	3	3	4	2	4	3	4	NA	NA	NA	11	4	3	1	2	LatAm	Tropics	High
62	CR-CAH	Stress	1.2	Ecosystem_degradation	1.2.1	Marine_water_characteristics	Ocean_acidification	4	3	3	2	4	3	4	NA	NA	NA	11	4	4	2	2	LatAm	Tropics	High
63	CR-CAH	Stress	1.1	Ecosystem_conversion	1.1.1	Loss_of_habitat	Loss_of_extent_of_coral_reefs	3	3	4	3	4	3	4	NA	NA	NA	11	4	4	1	2	LatAm	Tropics	High
64	CR-CAH	Stress	1.2	Ecosystem_degradation	1.2.1	Marine_water_characteristics	Reduced_UV_light_	4	4	3	3	4	4	3	NA	NA	NA	11	4	2	2	2	LatAm	Tropics	High
65	CR-CAH	Stress	1.1	Ecosystem_conversion	1.1.2	Change_of_structure	Changes_in_coral_reef_structure	4	4	4	3	4	3	4	NA	NA	NA	11	4	4	1	2	LatAm	Tropics	High
66	CR-CAH	Stress	1.3	Indirect_ecosystem_effect	1.3.1	Climatic_changes	Increased_sea_temperature	4	3	3	2	4	3	4	NA	NA	NA	11	4	4	2	2	LatAm	Tropics	High
67	CR-CAH	Stress	1.2	Ecosystem_degradation	1.2.1	Marine_water_characteristics	Reduced_availability_of_oxygen	4	4	4	3	4	4	4	NA	NA	NA	12	4	4	2	1	LatAm	Tropics	High
68	CR-CAH	Stress	1.1	Ecosystem_conversion	1.1.1	Loss_of_habitat	Decrease_of_beach_area	3	3	4	2	4	4	4	NA	NA	NA	12	4	2	2	1	LatAm	Tropics	High
69	GT-LAC	Stress	2.1	Species_mortality	2.1.1	Loss_of_biodiversity	Reduced_species_diversity_(Biodiversity_degradation)	3	4	3	2	4	3	4	NA	NA	NA	11	4	3	1	1	LatAm	Tropics	Medium
70	GT-LAC	Stress	1.1	Ecosystem_conversion	1.1.2	Change_of_structure	Change_in_forest_structure_and_composition	3	4	4	3	4	3	4	NA	NA	NA	11	4	3	1	1	LatAm	Tropics	Medium
71	GT-LAC	Stress	1.3	Indirect_ecosystem_effect	1.3.4	Fragmentation	Fragmentation	3	4	4	2	4	3	4	NA	NA	NA	11	4	3	1	1	LatAm	Tropics	Medium
72	GT-LAC	Stress	1.2	Ecosystem_degradation	1.2.3	Soil_conditions	Compacted_soils	3	3	4	2	4	3	4	NA	NA	NA	11	3	3	1	1	LatAm	Tropics	Medium
73	GT-LAC	Stress	1.2	Ecosystem_degradation	1.2.3	Soil_conditions	Low_water_retention	3	3	3	2	3	3	4	NA	NA	NA	10	3	3	1	2	LatAm	Tropics	Medium
74	GT-LAC	Stress	1.3	Indirect_ecosystem_effect	1.3.3	Energy_flow	Low_biomass	3	4	4	2	4	3	4	NA	NA	NA	11	4	2	1	1	LatAm	Tropics	Medium
75	GT-LAC	Stress	1.2	Ecosystem_degradation	1.2.3	Soil_conditions	Degraded_soils_(Missing_nutrients)	3	4	4	2	4	3	4	NA	NA	NA	11	4	3	1	1	LatAm	Tropics	Medium
76	PE-RCS	Stress	2.1	Species_mortality	2.1.1	Loss_of_biodiversity	Loss_of_species_(Pérdida_de_la_biodiversidad)	NA	NA	NA	NA	NA	NA	NA	NA	NA	NA	NA	NA	NA	NA	NA	Amazon	Tropics	High
77	PE-RCS	Stress	2.3	Indirect_species_effect	2.3.2	Community_composition	Changes_in_the_trophic_chains	NA	NA	NA	NA	NA	NA	NA	NA	NA	NA	NA	NA	NA	NA	NA	Amazon	Tropics	High
78	PE-RCS	Stress	1.2	Ecosystem_degradation	1.2.2	Freshwater_hydrological_regimes	Reduced_water_levels_of_rivers_and_creeks	NA	NA	NA	NA	NA	NA	NA	NA	NA	NA	NA	NA	NA	NA	NA	Amazon	Tropics	High
79	PE-RCS	Stress	2.2	Species_disturbance	2.2.2	Population_dynamics	Reduced_population_sizes_(of_fish_in_dry_season)	NA	NA	NA	NA	NA	NA	NA	NA	NA	NA	NA	NA	NA	NA	NA	Amazon	Tropics	High
80	PE-RCS	Stress	1.2	Ecosystem_degradation	1.2.3	Soil_conditions	Loss_of_soil	NA	NA	NA	NA	NA	NA	NA	NA	NA	NA	NA	NA	NA	NA	NA	Amazon	Tropics	High
81	PE-RCS	Stress	2.1	Species_mortality	2.1.1	Loss_of_biodiversity	Loss_of_species_(endangered_species)	NA	NA	NA	NA	NA	NA	NA	NA	NA	NA	NA	NA	NA	NA	NA	Amazon	Tropics	High
82	PE-RCS	Stress	1.1	Ecosystem_conversion	1.1.1	Loss_of_habitat	Decrease_of_forest_area	NA	NA	NA	NA	NA	NA	NA	NA	NA	NA	NA	NA	NA	NA	NA	Amazon	Tropics	High
83	PE-RCS	Stress	2.3	Indirect_species_effect	2.3.1	Synecological_interactions	Lack_of_pollinators	NA	NA	NA	NA	NA	NA	NA	NA	NA	NA	NA	NA	NA	NA	NA	Amazon	Tropics	High
84	PE-RCS	Stress	1.2	Ecosystem_degradation	1.2.2	Freshwater_hydrological_regimes	Increased_variability_of_hydrological_regime	NA	NA	NA	NA	NA	NA	NA	NA	NA	NA	NA	NA	NA	NA	NA	Amazon	Tropics	High
85	PE-RCS	Stress	2.2	Species_disturbance	2.2.2	Population_dynamics	Reduced_population_sizes_(fish)	NA	NA	NA	NA	NA	NA	NA	NA	NA	NA	NA	NA	NA	NA	NA	Amazon	Tropics	High
86	PE-RCS	Stress	2.3	Indirect_species_effect	2.3.1	Synecological_interactions	Lack_of_seed_dispersers	NA	NA	NA	NA	NA	NA	NA	NA	NA	NA	NA	NA	NA	NA	NA	Amazon	Tropics	High
87	PE-RCS	Stress	1.3	Indirect_ecosystem_effect	1.3.1	Climatic_changes	Hydric_stress_	NA	NA	NA	NA	NA	NA	NA	NA	NA	NA	NA	NA	NA	NA	NA	Amazon	Tropics	High
88	PE-RCS	Stress	1.3	Indirect_ecosystem_effect	1.3.5	Succession_and_regeneration	Reduced_regeneration_capacity	NA	NA	NA	NA	NA	NA	NA	NA	NA	NA	NA	NA	NA	NA	NA	Amazon	Tropics	High
89	PE-RCS	Stress	2.1	Species_mortality	2.1.1	Loss_of_biodiversity	Loss_of_species_(game)	NA	NA	NA	NA	NA	NA	NA	NA	NA	NA	NA	NA	NA	NA	NA	Amazon	Tropics	High
90	PE-RCS	Stress	2.1	Species_mortality	2.1.1	Loss_of_biodiversity	Loss_of_species	NA	NA	NA	NA	NA	NA	NA	NA	NA	NA	NA	NA	NA	NA	NA	Amazon	Tropics	High
91	PE-RCS	Stress	1.2	Ecosystem_degradation	1.2.2	Freshwater_hydrological_regimes	Polluted_water_(of_river_affects_forests)	NA	NA	NA	NA	NA	NA	NA	NA	NA	NA	NA	NA	NA	NA	NA	Amazon	Tropics	High
92	PE-RCS	Stress	2.3	Indirect_species_effect	2.3.1	Synecological_interactions	Changes_in_phenology	NA	NA	NA	NA	NA	NA	NA	NA	NA	NA	NA	NA	NA	NA	NA	Amazon	Tropics	High
93	PE-RCS	Stress	2.3	Indirect_species_effect	2.3.2	Community_composition	Changes_in_composition_of_forest_fauna_and_flora	NA	NA	NA	NA	NA	NA	NA	NA	NA	NA	NA	NA	NA	NA	NA	Amazon	Tropics	High
94	PE-RCS	Stress	1.2	Ecosystem_degradation	1.2.3	Soil_conditions	Polluted_soils	NA	NA	NA	NA	NA	NA	NA	NA	NA	NA	NA	NA	NA	NA	NA	Amazon	Tropics	High
95	PE-RCS	Stress	2.2	Species_disturbance	2.2.1	Physiology_and_behaviour	Increased_wind_fall_of_tall_trees	NA	NA	NA	NA	NA	NA	NA	NA	NA	NA	NA	NA	NA	NA	NA	Amazon	Tropics	High
96	PE-RCS	Stress	2.2	Species_disturbance	2.2.2	Population_dynamics	Changes_in_reproduction_of_animals_due_to_climate_change	NA	NA	NA	NA	NA	NA	NA	NA	NA	NA	NA	NA	NA	NA	NA	Amazon	Tropics	High
97	DE-LRP	Stress	1.2	Ecosystem_degradation	1.2.2	Freshwater_hydrological_regimes	Temporal_dry_up_of_rivers_and_creeks	1	3	1	1	2	1	4	NA	NA	NA	7	2	3	2	4	World	Temperate	Very
98	DE-LRP	Stress	2.3	Indirect_species_effect	2.3.2	Community_composition	Forest_floor_covered_with_nitrophilous_grasses_and_shrubs	2	3	3	4	3	2	4	NA	NA	NA	9	3	3	2	2	World	Temperate	Very
99	DE-LRP	Stress	1.2	Ecosystem_degradation	1.2.2	Freshwater_hydrological_regimes	Low_water_levels	1	1	1	2	1	1	4	NA	NA	NA	6	1	2	2	5	World	Temperate	Very
100	DE-LRP	Stress	1.1	Ecosystem_conversion	1.1.1	Loss_of_habitat	Loss_of_large,_undivided,_undisturbed_areas	2	2	4	1	3	2	3	NA	NA	NA	8	2	2	1	3	World	Temperate	Very
101	DE-LRP	Stress	2.1	Species_mortality	2.1.1	Loss_of_biodiversity	Loss_of_species	3	2	2	3	2	2	2	NA	NA	NA	6	1	2	NA	5	World	Temperate	Very
102	DE-LRP	Stress	1.1	Ecosystem_conversion	1.1.1	Loss_of_habitat	Loss_of_habitat_(historic_buildings)	2	4	1	1	2	2	3	NA	NA	NA	7	2	2	2	4	World	Temperate	Very
103	DE-LRP	Stress	1.2	Ecosystem_degradation	1.2.2	Freshwater_hydrological_regimes	Changes_in_hydro_morphology	2	2	2	3	2	1	2	NA	NA	NA	5	1	1	1	6	World	Temperate	Very
104	DE-LRP	Stress	1.3	Indirect_ecosystem_effect	1.3.1	Climatic_changes	Thermic_stress_(trees)	4	2	3	1	3	3	4	NA	NA	NA	10	3	3	3	1	World	Temperate	Very
105	DE-LRP	Stress	2.2	Species_disturbance	2.2.1	Physiology_and_behaviour	Disturbance_and_killing_of_birds_and_bats	1	1	4	1	3	3	4	NA	NA	NA	10	3	1	3	1	World	Temperate	Very
106	DE-LRP	Stress	1.2	Ecosystem_degradation	1.2.2	Freshwater_hydrological_regimes	Groundwater_level_decline	3	3	2	1	3	1	4	NA	NA	NA	8	2	3	2	3	World	Temperate	Very
107	DE-LRP	Stress	1.3	Indirect_ecosystem_effect	1.3.1	Climatic_changes	Impairment_of_the_forest_microclimate	4	3	2	1	3	3	4	NA	NA	NA	10	3	3	2	1	World	Temperate	Very
108	DE-LRP	Stress	1.1	Ecosystem_conversion	1.1.2	Change_of_structure	Reduced_structural_and_species_diversity_	4	3	4	1	4	2	3	NA	NA	NA	9	3	3	3	2	World	Temperate	Very
109	DE-LRP	Stress	1.3	Indirect_ecosystem_effect	1.3.5	Succession_and_regeneration	Reduced_regeneration_(of_broad_leaf_forest_due_to_herbivory)	4	3	1	2	3	3	3	NA	NA	NA	9	3	3	2	2	World	Temperate	Very
110	DE-LRP	Stress	1.1	Ecosystem_conversion	1.1.2	Change_of_structure	Simplification_of_habitats_and_structural_complexity_	3	3	2	1	3	2	3	NA	NA	NA	8	2	3	2	3	World	Temperate	Very
111	DE-LRP	Stress	1.2	Ecosystem_degradation	1.2.3	Soil_conditions	Mineralization,_sagging,_subsidence_of_the_terrain_of_peat_soils	4	4	3	3	4	2	4	NA	NA	NA	10	3	2.5	1	1	World	Temperate	Very
112	DE-LRP	Stress	1.2	Ecosystem_degradation	1.2.2	Freshwater_hydrological_regimes	Low_groundwater_formation_rate	3	4	2	4	3	2	4	NA	NA	NA	9	3	2	1	2	World	Temperate	Very
113	DE-LRP	Stress	1.3	Indirect_ecosystem_effect	1.3.4	Fragmentation	Fragmentation_of_open_freshwater_sources	1	2	2	3	2	1	2	NA	NA	NA	5	1	1	1	6	World	Temperate	Very
114	DE-LRP	Stress	1.3	Indirect_ecosystem_effect	1.3.4	Fragmentation	Fragmentation_of_forests	3	2	4	2	3	3	4	NA	NA	NA	10	3	2	3	1	World	Temperate	Very
115	DE-LRP	Stress	1.1	Ecosystem_conversion	1.1.1	Loss_of_habitat	Decrease_of_mire_area	4	4	4	4	4	1	3	NA	NA	NA	8	2	2	1	3	World	Temperate	Very
116	DE-LRP	Stress	1.1	Ecosystem_conversion	1.1.1	Loss_of_habitat	Decrease_of_forest_area	1	4	3	1	3	3	4	NA	NA	NA	10	3	2	2	1	World	Temperate	Very
117	DE-LRP	Stress	1.1	Ecosystem_conversion	1.1.1	Loss_of_habitat	Loss_of_habitats_(wetlands)	1	4	4	2	3	2	3	NA	NA	NA	8	2	1	1	3	World	Temperate	Very
118	DE-LRP	Stress	2.3	Indirect_species_effect	2.3.1	Synecological_interactions	Lack_of_habitat_(for_predators_of_insect_pest_species)	4	3	4	2	4	2	3	NA	NA	NA	9	3	3	3	2	World	Temperate	Very
119	DE-LRP	Stress	1.2	Ecosystem_degradation	1.2.3	Soil_conditions	Eutrophication_	3	2	3	3	3	2	3	NA	NA	NA	8	2	3	2	3	World	Temperate	Very
120	DE-LRP	Stress	1.2	Ecosystem_degradation	1.2.2	Freshwater_hydrological_regimes	Eutrophication_(Open_water_sources)	2	2	3	2	3	3	3	NA	NA	NA	9	3	3	2	2	World	Temperate	Very
121	DE-LRP	Stress	1.2	Ecosystem_degradation	1.2.2	Freshwater_hydrological_regimes	Eutrophication_(Mires)	4	2.5	3.5	3	4	2	4	NA	NA	NA	10	3	3	2	1	World	Temperate	Very
122	DE-LRP	Stress	2.2	Species_disturbance	2.2.2	Population_dynamics	Alteration_of_aging_and_withering_cycles_(less_old_and_dead_wood)	4	3	4	2	4	2	3	NA	NA	NA	9	3	3	2	2	World	Temperate	Very
123	DE-LRP	Stress	2.1	Species_mortality	2.1.1	Loss_of_biodiversity	Reduced_species_diversity_(on_agricultural_areas)	3	3	2	1	3	2	3	NA	NA	NA	8	2	4	2	3	World	Temperate	Very
124	DE-LRP	Stress	2.2	Species_disturbance	2.2.1	Physiology_and_behaviour	Devitalisation_&_dieback_of_trees_by_pathogens_&_insect_infestations	3	2	4	1	3	3	4	NA	NA	NA	10	3	4	4	1	World	Temperate	Very
125	DE-AUE	Stress	1.1	Ecosystem_conversion	1.1.2	Change_of_structure	Excessive_tree_density	2	3	1	2	2	2	1	NA	NA	NA	5	1	1	2	6	World	Temperate	Very
126	DE-AUE	Stress	1.2	Ecosystem_degradation	1.2.2	Freshwater_hydrological_regimes	Lowered_water_table	2	2	1	3	2	1	2	NA	NA	NA	5	1	2	2	6	World	Temperate	Very
127	DE-AUE	Stress	2.3	Indirect_species_effect	2.3.2	Community_composition	Lack_of_food_resources_(insects)	NA	NA	NA	3	2	2	2	NA	NA	NA	6	1	1	2	5	World	Temperate	Very
128	DE-AUE	Stress	1.2	Ecosystem_degradation	1.2.3	Soil_conditions	Decreased_water_and_nutrient_retention_capacity	1	2	1	2	1	2	3	NA	NA	NA	6	1	2	2	5	World	Temperate	Very
129	DE-AUE	Stress	2.2	Species_disturbance	2.2.1	Physiology_and_behaviour	Damage_by_pesticide_residues	2	2	2	3	2	2	2	NA	NA	NA	6	1	2	2	5	World	Temperate	Very
130	DE-AUE	Stress	2.2	Species_disturbance	2.2.1	Physiology_and_behaviour	Disturbance_of_wildlife	2	2	2	1	2	2	3	NA	NA	NA	7	2	2	2	4	World	Temperate	Very
131	DE-AUE	Stress	2.3	Indirect_species_effect	2.3.1	Synecological_interactions	Increased_competition_for_resources	1	3	2	1	2	2	3	NA	NA	NA	7	2	2	1	4	World	Temperate	Very
132	DE-AUE	Stress	1.1	Ecosystem_conversion	1.1.2	Change_of_structure	Reduced_structural_and_species_diversity__(of_forests)	3	3	2	4	3	2	2	NA	NA	NA	7	2	1	2	4	World	Temperate	Very
133	DE-AUE	Stress	1.3	Indirect_ecosystem_effect	1.3.5	Succession_and_regeneration	Shrub_encroachment	2	3	1	1	2	3	3	NA	NA	NA	8	2	2	3	3	World	Temperate	Very
134	DE-AUE	Stress	2.3	Indirect_species_effect	2.3.2	Community_composition	Increased_browsing_(mice)	2	3	3	1	3	2	3	NA	NA	NA	8	2	2	2	3	World	Temperate	Very
135	DE-AUE	Stress	1.2	Ecosystem_degradation	1.2.3	Soil_conditions	Eutrophication_	3	4	3	3	3	2	3	NA	NA	NA	8	2	3	2	3	World	Temperate	Very
136	DE-AUE	Stress	1.1	Ecosystem_conversion	1.1.1	Loss_of_habitat	Loss_of_habitat	2	3	3	2	3	2	3	NA	NA	NA	8	2	2	4	3	World	Temperate	Very
137	DE-AUE	Stress	2.3	Indirect_species_effect	2.3.1	Synecological_interactions	Increased_predation_of_clutches_and_hatchlings	3	3	3	1	3	3	3	NA	NA	NA	9	3	3	3	2	World	Temperate	Very
138	DE-AUE	Stress	2.3	Indirect_species_effect	2.3.2	Community_composition	Insect_calamities	3	3	3	3	3	2	4	NA	NA	NA	9	3	3	1	2	World	Temperate	Very
139	DE-AUE	Stress	1.3	Indirect_ecosystem_effect	1.3.4	Fragmentation	Fragmentation	3	3	4	1	4	2	3	NA	NA	NA	9	3	3	2	2	World	Temperate	Very
140	DE-AUE	Stress	2.2	Species_disturbance	2.2.2	Population_dynamics	Isolation	4	2	4	1	4	2	3	NA	NA	NA	9	3	2	2	2	World	Temperate	Very
141	DE-AUE	Stress	1.3	Indirect_ecosystem_effect	1.3.1	Climatic_changes	Drought_stress_of_forest_stands	4	2	2	2	3	2	4	NA	NA	NA	9	3	3	3	2	World	Temperate	Very
142	DE-AUE	Stress	1.3	Indirect_ecosystem_effect	1.3.1	Climatic_changes	Thermic_stress_(in_forest_stands)	3	2	2	2	2	3	4	NA	NA	NA	9	3	3	3	2	World	Temperate	Very
143	DE-AUE	Stress	2.3	Indirect_species_effect	2.3.2	Community_composition	Change_in_species_composition	2	3	4	1	3	4	4	NA	NA	NA	11	4	3	3	1	World	Temperate	Very
144	DE-RAN	Stress	1.1	Ecosystem_conversion	1.1.2	Change_of_structure	Reduced_pervasiveness_	1	3	2	3	2	1	2	NA	NA	NA	5	1	1	1	8	World	Temperate	Very
145	DE-RAN	Stress	1.1	Ecosystem_conversion	1.1.2	Change_of_structure	Reduced_structural_and_species_diversity_	4	3	4	3	4	1	1	NA	NA	NA	6	1	2	2	7	World	Temperate	Very
146	DE-RAN	Stress	2.2	Species_disturbance	2.2.1	Physiology_and_behaviour	Damage_by_pesticide_residues	4	3	1	4	3	1	2	NA	NA	NA	6	1	2	2	7	World	Temperate	Very
147	DE-RAN	Stress	1.2	Ecosystem_degradation	1.2.2	Freshwater_hydrological_regimes	Eutrophication_(waters)	4	4	2	4	3	1	2	NA	NA	NA	6	1	1	1	7	World	Temperate	Very
148	DE-RAN	Stress	1.1	Ecosystem_conversion	1.1.2	Change_of_structure	Structural_deficiency	3	4	2	2	3	1	2	NA	NA	NA	6	1	1	1	7	World	Temperate	Very
149	DE-RAN	Stress	1.3	Indirect_ecosystem_effect	1.3.4	Fragmentation	Fragmentation,_edge_effects	2	2	4	2	3	2	2	NA	NA	NA	7	2	3	1	6	World	Temperate	Very
150	DE-RAN	Stress	1.3	Indirect_ecosystem_effect	1.3.1	Climatic_changes	Impairment_of_the_forest_microclimate	3	3	2	1	3	2	2	NA	NA	NA	7	2	3	2	6	World	Temperate	Very
151	DE-RAN	Stress	1.3	Indirect_ecosystem_effect	1.3.5	Succession_and_regeneration	Reduced_regeneration_capacity	4	4	1	2	3	2	2	NA	NA	NA	7	2	3	2	6	World	Temperate	Very
152	DE-RAN	Stress	1.2	Ecosystem_degradation	1.2.3	Soil_conditions	Compacted_soils	3	3	3	1	3	2	2	NA	NA	NA	7	2	2	1	6	World	Temperate	Very
153	DE-RAN	Stress	2.2	Species_disturbance	2.2.2	Population_dynamics	Isolation_(grasslands)	3	2	3	2	3	2	2	NA	NA	NA	7	2	3	2	6	World	Temperate	Very
154	DE-RAN	Stress	1.3	Indirect_ecosystem_effect	1.3.4	Fragmentation	Fragmentation_(grasslands)	3	2	2	2	3	2	2	NA	NA	NA	7	2	3	2	6	World	Temperate	Very
155	DE-RAN	Stress	2.1	Species_mortality	2.1.1	Loss_of_biodiversity	Trivialisation_of_the_flora,_reduction_in_genetic_diversity	3	2	2	2	3	2	2	NA	NA	NA	7	2	1	1	6	World	Temperate	Very
156	DE-RAN	Stress	1.2	Ecosystem_degradation	1.2.3	Soil_conditions	Compacted_soils_(Peat)	3	3	3	2	3	2	2	NA	NA	NA	7	2	1	2	6	World	Temperate	Very
157	DE-RAN	Stress	2.2	Species_disturbance	2.2.2	Population_dynamics	Isolation	3	2	4	2	4	2	2	NA	NA	NA	8	2	3	1	5	World	Temperate	Very
158	DE-RAN	Stress	2.2	Species_disturbance	2.2.1	Physiology_and_behaviour	Devitalization/_physiological_stress_for_crop_plants	3	2	1	1	2	3	3	NA	NA	NA	8	2	3	3	5	World	Temperate	Very
159	DE-RAN	Stress	1.3	Indirect_ecosystem_effect	1.3.5	Succession_and_regeneration	Shrub_encroachment	1	4	3	1	3	3	2	NA	NA	NA	8	2	2	1	5	World	Temperate	Very
160	DE-RAN	Stress	1.2	Ecosystem_degradation	1.2.2	Freshwater_hydrological_regimes	Low_groundwater_formation_rate	3	4	2	3	3	2	3	NA	NA	NA	8	2	2	2	5	World	Temperate	Very
161	DE-RAN	Stress	2.2	Species_disturbance	2.2.1	Physiology_and_behaviour	Damage_of_the_flowing_waters´_living_community	2	3	1	2	2	2	4	NA	NA	NA	8	2	2	2	5	World	Temperate	Very
162	DE-RAN	Stress	2.2	Species_disturbance	2.2.2	Population_dynamics	Reduced_populations_sizes_(birds_and_bats)	1	2	4	1	3	3	3	NA	NA	NA	9	3	1	3	4	World	Temperate	Very
163	DE-RAN	Stress	1.2	Ecosystem_degradation	1.2.3	Soil_conditions	Degraded_soils_(forests)	2	3	3	1	3	3	3	NA	NA	NA	9	3	3	3	4	World	Temperate	Very
164	DE-RAN	Stress	2.1	Species_mortality	2.1.1	Loss_of_biodiversity	Losses_in_forest_ecosystem_diversity	1	2	4	2	3	3	3	NA	NA	NA	9	3	2	3	4	World	Temperate	Very
165	DE-RAN	Stress	1.3	Indirect_ecosystem_effect	1.3.1	Climatic_changes	Drought_stress_of_forest_stands_without_ground_water_connection	1	1	1	2	1	4	4	NA	NA	NA	9	3	2	2	4	World	Temperate	Very
166	DE-RAN	Stress	1.2	Ecosystem_degradation	1.2.3	Soil_conditions	Eutrophication_(forest)	3	2	3	1	3	3	3	NA	NA	NA	9	3	3	2	4	World	Temperate	Very
167	DE-RAN	Stress	1.2	Ecosystem_degradation	1.2.3	Soil_conditions	Sagging,_subsidence_of_the_terrain	4	4	4	2	4	1	4	NA	NA	NA	9	3	2	2	4	World	Temperate	Very
168	DE-RAN	Stress	1.2	Ecosystem_degradation	1.2.3	Soil_conditions	Peat_decay,_mineralisation	4	4	4	1	4	2	3	NA	NA	NA	9	3	2	1	4	World	Temperate	Very
169	DE-RAN	Stress	1.2	Ecosystem_degradation	1.2.2	Freshwater_hydrological_regimes	Groundwater_level_decline	4	4	2	1	3	3	3	NA	NA	NA	9	3	2	1	4	World	Temperate	Very
170	DE-RAN	Stress	1.2	Ecosystem_degradation	1.2.2	Freshwater_hydrological_regimes	Lowering_of_the_summer_low_waters	4	2	3	1	3	2	4	NA	NA	NA	9	3	2	1	4	World	Temperate	Very
171	DE-RAN	Stress	1.2	Ecosystem_degradation	1.2.2	Freshwater_hydrological_regimes	Lowering_of_base_runoff,_total_runoff	4	2	3	1	3	2	4	NA	NA	NA	9	3	2	3	4	World	Temperate	Very
172	DE-RAN	Stress	1.2	Ecosystem_degradation	1.2.2	Freshwater_hydrological_regimes	Higher_spring_floods	2	3	3	1	3	2	4	NA	NA	NA	9	3	2	3	4	World	Temperate	Very
173	DE-RAN	Stress	1.1	Ecosystem_conversion	1.1.2	Change_of_structure	Soil_covering_grass_and_shrub_vegetation	2	3	3	2	3	3	4	NA	NA	NA	10	3	3	2	3	World	Temperate	Very
174	DE-RAN	Stress	1.2	Ecosystem_degradation	1.2.3	Soil_conditions	Low_nitrogen_availability_after_warm_winter	3	3	4	1	4	3	3	NA	NA	NA	10	3	3	3	3	World	Temperate	Very
175	DE-RAN	Stress	1.2	Ecosystem_degradation	1.2.2	Freshwater_hydrological_regimes	Higher_variation_within_one_year_effluent_flows_(of_the_tributaries_to_the_low_wetland)	3	2	3	1	3	3	4	NA	NA	NA	10	3	2	3	3	World	Temperate	Very
176	DE-RAN	Stress	1.2	Ecosystem_degradation	1.2.2	Freshwater_hydrological_regimes	Increase_of_the_frequency_of_low_water	4	2	3	1	3	3	4	NA	NA	NA	10	3	2	2	3	World	Temperate	Very
177	DE-RAN	Stress	1.2	Ecosystem_degradation	1.2.2	Freshwater_hydrological_regimes	Variation_of_the_water_surface	3	2	2	1	3	3	4	NA	NA	NA	10	3	2	1	3	World	Temperate	Very
178	DE-RAN	Stress	1.1	Ecosystem_conversion	1.1.1	Loss_of_habitat	Area_losses,_edge_effects	4	4	3	1	4	3	4	NA	NA	NA	11	4	2	2	2	World	Temperate	Very
179	DE-RAN	Stress	1.3	Indirect_ecosystem_effect	1.3.1	Climatic_changes	Drought_stress_of_forest_stands_with_connection_to_ground_water	4	4	3	2	4	4	4	NA	NA	NA	12	4	2	2	1	World	Temperate	Very
180	DE-RAN	Stress	2.2	Species_disturbance	2.2.1	Physiology_and_behaviour	Devitalisation_&_dieback_of_trees_by_pathogens_&_insect_infestations	3	3	4	1	4	4	4	NA	NA	NA	12	4	4	4	1	World	Temperate	Very
181	RU-ALY	Stress	2.3	Indirect_species_effect	2.3.2	Community_composition	Changes_in_composition_and_age_of_forest_trees_	1	2	3	2	3	2	2	NA	NA	NA	7	2	1	3	4	World	Temperate	High
182	RU-ALY	Stress	2.3	Indirect_species_effect	2.3.2	Community_composition	Change_in_species_composition_(water_fauna)	1	3	4	2	3	2	2	NA	NA	NA	7	2	4	3	4	World	Temperate	High
183	RU-ALY	Stress	2.1	Species_mortality	2.1.1	Loss_of_biodiversity	Loss_of_species	1	4	4	2	4	2	2	NA	NA	NA	8	2	4	2	3	World	Temperate	High
184	RU-ALY	Stress	2.2	Species_disturbance	2.2.2	Population_dynamics	Reduced_population_sizes_(fish)	2	3	3	3	3	3	2	NA	NA	NA	8	2	2	2	3	World	Temperate	High
185	RU-ALY	Stress	2.2	Species_disturbance	2.2.2	Population_dynamics	Reduced_population_sizes_(except_fish)	3	3	3	3	3	3	2	NA	NA	NA	8	2	2	2	3	World	Temperate	High
186	RU-ALY	Stress	2.3	Indirect_species_effect	2.3.1	Synecological_interactions	Migration_routes_disrupted/disturbed	3	3	2	2	3	2	2	NA	NA	NA	7	2	3	2	4	World	Temperate	High
187	RU-ALY	Stress	1.3	Indirect_ecosystem_effect	1.3.4	Fragmentation	Fragmentation_of_game_species_habitats_	4	3	3	2	4	2	2	NA	NA	NA	8	2	3	3	3	World	Temperate	High
188	RU-ALY	Stress	1.3	Indirect_ecosystem_effect	1.3.4	Fragmentation	Fragmentation_of_plant_species_habitats	2	1	3	2	3	2	2	NA	NA	NA	7	2	1	3	4	World	Temperate	High
189	RU-ALY	Stress	1.1	Ecosystem_conversion	1.1.2	Change_of_structure	Deterioration_of_the_nesting_conditions_for_birds	1	4	3	2	3	3	2	NA	NA	NA	8	2	4	2	3	World	Temperate	High
190	RU-ALY	Stress	2.1	Species_mortality	2.1.1	Loss_of_biodiversity	Dieback_of_conifers	3	2	3	1	3	2	2	NA	NA	NA	7	2	3	3	4	World	Temperate	High
191	RU-ALY	Stress	1.1	Ecosystem_conversion	1.1.2	Change_of_structure	Shift_of_the_tree_line_up-_and_downward	3	4	4	2	4	2	2	NA	NA	NA	8	2	1	3	3	World	Temperate	High
192	RU-ALY	Stress	1.2	Ecosystem_degradation	1.2.2	Freshwater_hydrological_regimes	Deterioration_of_the_quality_of_fresh_water	1	1	3	2	2	1	2	NA	NA	NA	5	1	4	2	5	World	Temperate	High
193	RU-ALY	Stress	1.2	Ecosystem_degradation	1.2.2	Freshwater_hydrological_regimes	Reduction_of_freshwater_sources	3	4	4	1	4	4	3	NA	NA	NA	11	4	4	3	1	World	Temperate	High
194	KZ-ALY	Stress	2.3	Indirect_species_effect	2.3.2	Community_composition	Changes_in_composition_and_age_of_forest_trees_	1	2	3	3	3	2	3	NA	NA	NA	8	2	4	1	2	World	Temperate	High
195	KZ-ALY	Stress	2.3	Indirect_species_effect	2.3.2	Community_composition	Change_in_species_composition_(water_fauna)	1	2	4	1	3	2	2	NA	NA	NA	7	2	3	3	3	World	Temperate	High
196	KZ-ALY	Stress	2.1	Species_mortality	2.1.1	Loss_of_biodiversity	Loss_of_species	1	4	4	2	4	2	2	NA	NA	NA	8	2	2	3	2	World	Temperate	High
197	KZ-ALY	Stress	2.2	Species_disturbance	2.2.2	Population_dynamics	Reduced_population_sizes_(fish)	1	1	2	1	2	2	2	NA	NA	NA	6	1	2	2	4	World	Temperate	High
198	KZ-ALY	Stress	2.2	Species_disturbance	2.2.2	Population_dynamics	Reduced_population_sizes_(except_fish)	1	1	2	2	2	2	3	NA	NA	NA	7	2	2	2	3	World	Temperate	High
199	KZ-ALY	Stress	2.3	Indirect_species_effect	2.3.1	Synecological_interactions	Migration_routes_disrupted/disturbed	1	2	4	2	3	2	4	NA	NA	NA	9	3	4	2	1	World	Temperate	High
200	KZ-ALY	Stress	1.3	Indirect_ecosystem_effect	1.3.4	Fragmentation	Fragmentation_of_game_species_habitats_	1	1	2	1	2	2	2	NA	NA	NA	6	1	3	3	4	World	Temperate	High
201	KZ-ALY	Stress	1.3	Indirect_ecosystem_effect	1.3.4	Fragmentation	Fragmentation_of_plant_species_habitats	1	1	2	1	2	2	2	NA	NA	NA	6	1	3	3	4	World	Temperate	High
202	KZ-ALY	Stress	1.1	Ecosystem_conversion	1.1.2	Change_of_structure	Deterioration_of_the_nesting_conditions_for_birds	1	4	2	2	3	2	2	NA	NA	NA	7	2	3	3	3	World	Temperate	High
203	KZ-ALY	Stress	2.1	Species_mortality	2.1.1	Loss_of_biodiversity	Dieback_of_conifers	1	2	1	1	2	2	2	NA	NA	NA	6	1	3	3	4	World	Temperate	High
204	KZ-ALY	Stress	1.1	Ecosystem_conversion	1.1.2	Change_of_structure	Shift_of_the_tree_line_up-_and_downward	2	3	3	1	3	2	3	NA	NA	NA	8	2	2	1	2	World	Temperate	High
205	KZ-ALY	Stress	1.2	Ecosystem_degradation	1.2.2	Freshwater_hydrological_regimes	Deterioration_of_the_quality_of_fresh_water	1	2	1	3	2	2	2	NA	NA	NA	6	1	2	3	4	World	Temperate	High
206	KZ-ALY	Stress	1.2	Ecosystem_degradation	1.2.2	Freshwater_hydrological_regimes	Reduction_of_freshwater_sources	3	3	3	1	3	3	3	NA	NA	NA	9	3	3	4	1	World	Temperate	High
207	EC-SIE	Stress	1.2	Ecosystem_degradation	1.2.2	Freshwater_hydrological_regimes	Polluted_water	2	4	1	1	2	3	3	NA	NA	NA	8	3	2	3	4	Amazon	Tropics	High
208	EC-SIE	Stress	2.3	Indirect_species_effect	2.3.1	Synecological_interactions	Changes_in_phenology	2	2	4	1	3	3	3	NA	NA	NA	9	3	3	2	3	Amazon	Tropics	High
209	EC-SIE	Stress	2.1	Species_mortality	2.1.1	Loss_of_biodiversity	Loss_of_species	4	4	4	1	4	1	4	NA	NA	NA	9	3	3	3	3	Amazon	Tropics	High
210	EC-SIE	Stress	2.2	Species_disturbance	2.2.2	Population_dynamics	Reduced_population_sizes	2	1	2	1	2	3	4	NA	NA	NA	9	3	3	3	3	Amazon	Tropics	High
211	EC-SIE	Stress	1.3	Indirect_ecosystem_effect	1.3.4	Fragmentation	Fragmentation	2	3	3	1	3	3	3	NA	NA	NA	9	3	2	1	3	Amazon	Tropics	High
212	EC-SIE	Stress	1.2	Ecosystem_degradation	1.2.3	Soil_conditions	Humus_reduction	2	1	3	1	3	3	3	NA	NA	NA	9	3	3	2	3	Amazon	Tropics	High
213	EC-SIE	Stress	1.3	Indirect_ecosystem_effect	1.3.1	Climatic_changes	Hydric_stress_	1	2	4	1	3	3	3	NA	NA	NA	9	3	4	4	3	Amazon	Tropics	High
214	EC-SIE	Stress	2.1	Species_mortality	2.1.1	Loss_of_biodiversity	Loss_of_species	3	4	4	1	4	3	3	NA	NA	NA	10	3	4	3	2	Amazon	Tropics	High
215	EC-SIE	Stress	1.2	Ecosystem_degradation	1.2.3	Soil_conditions	Eroded_soils	2	2	3	1	3	3	4	NA	NA	NA	10	3	2	2	2	Amazon	Tropics	High
216	EC-SIE	Stress	1.3	Indirect_ecosystem_effect	1.3.1	Climatic_changes	Thermic_stress_	1	1	4	1	3	3	4	NA	NA	NA	10	3	4	4	2	Amazon	Tropics	High
217	EC-SIE	Stress	1.1	Ecosystem_conversion	1.1.1	Loss_of_habitat	Loss_of_habitats_(e.g._wetlands)	3	4	4	1	4	3	4	NA	NA	NA	11	4	3	2	1	Amazon	Tropics	High
218	KR-BDA	Stress	1.1	Ecosystem_conversion	1.1.1	Loss_of_habitat	Loss_of_agricultural_areas/space	1	1	1	1	1	1	2	NA	NA	NA	4	3	1	1	7	World	Temperate	Very
219	KR-BDA	Stress	1.1	Ecosystem_conversion	1.1.1	Loss_of_habitat	Cutting_up_the_band_connecting_the_peaks_->_important_connecting_line_of_all_mountain_tops	2	3	3	2	3	3	4	NA	NA	NA	10	4	3	1	1	World	Temperate	Very
220	KR-BDA	Stress	2.2	Species_disturbance	2.2.2	Population_dynamics	Reduced_population_sizes_(of_culturally_important_species_(crane))	2	3	4	2	4	2	3	NA	NA	NA	9	4	3	1	2	World	Temperate	Very
221	KR-BDA	Stress	1.1	Ecosystem_conversion	1.1.1	Loss_of_habitat	Loss_of_living_space	1	2	3	1	3	1	2	NA	NA	NA	6	4	1	1	5	World	Temperate	Very
222	KR-BDA	Stress	2.2	Species_disturbance	2.2.2	Population_dynamics	Reduced_population_sizes	2	3	4	1	4	2	3	NA	NA	NA	9	4	3	2	2	World	Temperate	Very
223	KR-BDA	Stress	1.1	Ecosystem_conversion	1.1.1	Loss_of_habitat	Total_loss_of_habitat	2	2	1	2	2	2	3	NA	NA	NA	7	4	3	2	4	World	Temperate	Very
224	KR-BDA	Stress	1.1	Ecosystem_conversion	1.1.1	Loss_of_habitat	Reduction_of_habitat_size	2	2	1	2	2	2	3	NA	NA	NA	7	4	3	2	4	World	Temperate	Very
225	KR-BDA	Stress	2.3	Indirect_species_effect	2.3.2	Community_composition	Changes_in_species_composition	1	2	3	2	3	2	3	NA	NA	NA	8	4	2	1	3	World	Temperate	Very
226	KR-BDA	Stress	1.3	Indirect_ecosystem_effect	1.3.3	Energy_flow	Reduction_of_biomass	1	1	1	1	1	2	3	NA	NA	NA	6	4	NA	NA	5	World	Temperate	Very
227	KR-BDA	Stress	2.3	Indirect_species_effect	2.3.2	Community_composition	Changes_in_vegetation_composition	2	2	3	1	3	2	3	NA	NA	NA	8	4	3	3	3	World	Temperate	Very
228	KR-BDA	Stress	2.3	Indirect_species_effect	2.3.2	Community_composition	Changes_in_food-chain	1	2	2	NA	2	NA	NA	NA	NA	NA	NA	2	3	2	NA	World	Temperate	Very
229	KR-BDA	Stress	1.1	Ecosystem_conversion	1.1.1	Loss_of_habitat	Cutting_up_of_habitats	2	3	3	2	3	2	3	NA	NA	NA	8	4	3	2	3	World	Temperate	Very
230	KR-BDA	Stress	1.3	Indirect_ecosystem_effect	1.3.4	Fragmentation	Fragmentation_of_forests	1	2	2	2	2	3	4	NA	NA	NA	9	4	3	2	2	World	Temperate	Very
231	KR-BDA	Stress	2.1	Species_mortality	2.1.1	Loss_of_biodiversity	Reduced_species_diversity	1	2	3	1	3	2	3	NA	NA	NA	8	4	2	2	3	World	Temperate	Very
232	KR-BDA	Stress	1.1	Ecosystem_conversion	1.1.2	Change_of_structure	Changes_in_forest_structure_(loss_of_umbrella_species)	1	2	2	1	2	2	3	NA	NA	NA	7	4	2	1	4	World	Temperate	Very
233	KR-BDA	Stress	1.2	Ecosystem_degradation	1.2.3	Soil_conditions	Deterioation_in_the_ratio_of_clay:_sand:fine_particles	1	1	2	1	2	1	2	NA	NA	NA	5	3	2	2	6	World	Temperate	Very
234	KR-BDA	Stress	1.2	Ecosystem_degradation	1.2.3	Soil_conditions	Changes_in_soil_moisture	3	3	2	3	3	3	3	NA	NA	NA	9	4	2	2	2	World	Temperate	Very
235	KR-BDA	Stress	1.2	Ecosystem_degradation	1.2.3	Soil_conditions	Decreasing_pH_	2	3	2	2	3	2	3	NA	NA	NA	8	4	2	2	3	World	Temperate	Very
236	KR-BDA	Stress	1.2	Ecosystem_degradation	1.2.3	Soil_conditions	Decreasing_C/N_ratio	1	1	2	2	2	2	3	NA	NA	NA	7	4	2	2	4	World	Temperate	Very
237	KR-BDA	Stress	1.3	Indirect_ecosystem_effect	1.3.1	Climatic_changes	Changes_in_micro_climate	2	2	3	1	3	2	3	NA	NA	NA	8	4	3	2	3	World	Temperate	Very
238	KR-BDA	Stress	1.2	Ecosystem_degradation	1.2.2	Freshwater_hydrological_regimes	Polluted_water	3	3	2	3	3	3	4	NA	NA	NA	10	3	2	2	1	World	Temperate	Very
239	PE-ACR	Stress	1.2	Ecosystem_degradation	1.2.2	Freshwater_hydrological_regimes	Polluted_water	2	2	3	3	2	1	1	NA	NA	NA	4	1	2	2	8	Amazon	Tropics	High
240	PE-ACR	Stress	1.2	Ecosystem_degradation	1.2.2	Freshwater_hydrological_regimes	Reduced_oxygen_availability_in_water_due_to_high_temperatures	1	1	1	2	1	2	2	NA	NA	NA	5	1	4	2	7	Amazon	Tropics	High
241	PE-ACR	Stress	2.1	Species_mortality	2.1.1	Loss_of_biodiversity	Loss_of_species	4	3	3	3	4	1	1	NA	NA	NA	6	2	2	2	6	Amazon	Tropics	High
242	PE-ACR	Stress	2.1	Species_mortality	2.1.1	Loss_of_biodiversity	Extinction_of_big_predators	1	2	2	1	2	2	3	NA	NA	NA	7	2	2	3	5	Amazon	Tropics	High
243	PE-ACR	Stress	2.2	Species_disturbance	2.2.1	Physiology_and_behaviour	Increased_noise_pollution	1	1	4	3	3	2	2	NA	NA	NA	7	2	1	1	5	Amazon	Tropics	High
244	PE-ACR	Stress	1.1	Ecosystem_conversion	1.1.1	Loss_of_habitat	Decrease_of_wetland_area	1	1	3	1	2	3	3	NA	NA	NA	8	3	2	2	4	Amazon	Tropics	High
245	PE-ACR	Stress	2.2	Species_disturbance	2.2.2	Population_dynamics	Reduced_population_sizes	4	3	3	1	4	3	1	NA	NA	NA	8	3	2	2	4	Amazon	Tropics	High
246	PE-ACR	Stress	1.3	Indirect_ecosystem_effect	1.3.3	Energy_flow	Reduced_primary_production_(fruits_and_seeds)	4	3	2	1	3	3	2	NA	NA	NA	8	3	3	3	4	Amazon	Tropics	High
247	PE-ACR	Stress	2.3	Indirect_species_effect	2.3.1	Synecological_interactions	Lack_of_pollinators_and_seed_dispersers	4	3	2	1	2	3	3	NA	NA	NA	8	3	3	2	4	Amazon	Tropics	High
248	PE-ACR	Stress	1.3	Indirect_ecosystem_effect	1.3.4	Fragmentation	Fragmentation_of_forests	2	2	4	1	2	3	3	NA	NA	NA	8	3	2	3	4	Amazon	Tropics	High
249	PE-ACR	Stress	1.1	Ecosystem_conversion	1.1.1	Loss_of_habitat	Decrease_of_forest_area	4	3	3	1	4	3	1	NA	NA	NA	8	3	2	3	4	Amazon	Tropics	High
250	PE-ACR	Stress	2.3	Indirect_species_effect	2.3.2	Community_composition	Changes_in_composition_of_forest_fauna_and_flora	4	3	3	1	4	3	1	NA	NA	NA	8	3	2	3	4	Amazon	Tropics	High
251	PE-ACR	Stress	1.2	Ecosystem_degradation	1.2.3	Soil_conditions	Increase_instability_of_riverbed_soils	1	2	3	2	3	2	3	NA	NA	NA	8	3	3	2	4	Amazon	Tropics	High
252	PE-ACR	Stress	1.3	Indirect_ecosystem_effect	1.3.1	Climatic_changes	Hydric_stress_	4	1	1	1	2	3	4	NA	NA	NA	9	3	3	2.5	3	Amazon	Tropics	High
253	PE-ACR	Stress	1.3	Indirect_ecosystem_effect	1.3.1	Climatic_changes	Thermic_stress_	4	2	4	1	4	3	3	NA	NA	NA	10	4	4	3	2	Amazon	Tropics	High
254	PE-ACR	Stress	1.2	Ecosystem_degradation	1.2.2	Freshwater_hydrological_regimes	Lowered_water_levels	4	4	4	1	4	4	4	NA	NA	NA	12	4	3	3	1	Amazon	Tropics	High
255	PE-PIN	Stress	1.3	Indirect_ecosystem_effect	1.3.3	Energy_flow	Reduced_primary_production	NA	NA	NA	1	1	2	1	NA	NA	NA	4	1	NA	NA	3	Amazon	Tropics	High
256	PE-PIN	Stress	1.2	Ecosystem_degradation	1.2.2	Freshwater_hydrological_regimes	Polluted_water_(rivers)	NA	NA	NA	1	3	4	2	NA	NA	NA	9	3	NA	NA	2	Amazon	Tropics	High
257	PE-PIN	Stress	2.2	Species_disturbance	2.2.2	Population_dynamics	Reduced_population_sizes_(animals)	NA	NA	NA	1	2	3	4	NA	NA	NA	9	3	NA	NA	2	Amazon	Tropics	High
258	PE-PIN	Stress	2.3	Indirect_species_effect	2.3.1	Synecological_interactions	Plants_more_vulnerable_to_pests_and_diseases	NA	NA	NA	1	2	3	4	NA	NA	NA	9	3	NA	NA	2	Amazon	Tropics	High
259	PE-PIN	Stress	1.3	Indirect_ecosystem_effect	1.3.1	Climatic_changes	Thermic_stress_	NA	NA	NA	1	2	3	4	NA	NA	NA	9	3	NA	NA	2	Amazon	Tropics	High
260	PE-PIN	Stress	2.2	Species_disturbance	2.2.2	Population_dynamics	Reduced_population_sizes_(fish)	NA	NA	NA	1	3	4	4	NA	NA	NA	11	4	NA	NA	1	Amazon	Tropics	High
261	PE-PIN	Stress	1.1	Ecosystem_conversion	1.1.1	Loss_of_habitat	Loss_of_ecosystems	NA	NA	NA	1	3	4	4	NA	NA	NA	11	4	NA	NA	1	Amazon	Tropics	High
262	PE-PIN	Stress	1.3	Indirect_ecosystem_effect	1.3.4	Fragmentation	Fragmentation	NA	NA	NA	1	3	4	4	NA	NA	NA	11	4	NA	NA	1	Amazon	Tropics	High
263	PE-PIN	Stress	2.1	Species_mortality	2.1.1	Loss_of_biodiversity	Loss_of_species	NA	NA	NA	1	3	4	4	NA	NA	NA	11	4	NA	NA	1	Amazon	Tropics	High
264	PE-PIN	Stress	1.3	Indirect_ecosystem_effect	1.3.1	Climatic_changes	Hydric_stress_	NA	NA	NA	1	3	4	4	NA	NA	NA	11	4	NA	NA	1	Amazon	Tropics	High
265	PE-PIN	Stress	1.2	Ecosystem_degradation	1.2.3	Soil_conditions	Degraded_soils	NA	NA	NA	1	3	4	4	NA	NA	NA	11	4	NA	NA	1	Amazon	Tropics	High
266	CO-GUA	Stress	1.1	Ecosystem_conversion	1.1.1	Loss_of_habitat	Increased_soil_removal	2	3	2	4	3	2	1	NA	NA	NA	6	1	4	1	5	LatAm	Tropics	High
267	CO-GUA	Stress	1.2	Ecosystem_degradation	1.2.3	Soil_conditions	Compacted_soils	2	3	2	4	3	2	1	NA	NA	NA	6	1	4	1	5	LatAm	Tropics	High
268	CO-GUA	Stress	2.2	Species_disturbance	2.2.2	Population_dynamics	Reduced_population_sizes_(fish)	3	3	2	1	3	3	2	NA	NA	NA	8	2	1	1	4	LatAm	Tropics	High
269	CO-GUA	Stress	1.2	Ecosystem_degradation	1.2.3	Soil_conditions	Loss_of_nutrients	2	2	1	1	2	3	3	NA	NA	NA	8	2	4	1	4	LatAm	Tropics	High
270	CO-GUA	Stress	1.2	Ecosystem_degradation	1.2.3	Soil_conditions	Eroded_soils	2	3	2	4	3	3	2	NA	NA	NA	8	2	4	3	4	LatAm	Tropics	High
271	CO-GUA	Stress	1.2	Ecosystem_degradation	1.2.3	Soil_conditions	Loss_of_organic_soil_horizon	1	2	3	4	3	3	3	NA	NA	NA	9	3	3	3	3	LatAm	Tropics	High
272	CO-GUA	Stress	2.3	Indirect_species_effect	2.3.2	Community_composition	Increased_aquatic_vegetation	3	3	2	2	3	3	3	NA	NA	NA	9	3	3	1	3	LatAm	Tropics	High
273	CO-GUA	Stress	1.3	Indirect_ecosystem_effect	1.3.3	Energy_flow	Reduction_of_agricultural_production_	2	2	2	1	2	3	4	NA	NA	NA	9	3	3	1	3	LatAm	Tropics	High
274	CO-GUA	Stress	1.3	Indirect_ecosystem_effect	1.3.1	Climatic_changes	Hydric_stress_	1	3	4	2	3	3	4	NA	NA	NA	10	3	4	4	2	LatAm	Tropics	High
275	CO-GUA	Stress	1.2	Ecosystem_degradation	1.2.3	Soil_conditions	Reduced_soil_humidity	4	4	4	1	4	3	3	NA	NA	NA	10	3	4	1	2	LatAm	Tropics	High
276	CO-GUA	Stress	1.3	Indirect_ecosystem_effect	1.3.4	Fragmentation	Loss_of_connectivity_(between_water_sources)	3	2	3	1	3	3	4	NA	NA	NA	10	3	2	1	2	LatAm	Tropics	High
277	CO-GUA	Stress	1.2	Ecosystem_degradation	1.2.2	Freshwater_hydrological_regimes	Depletion_of_underground_aquifers	2	3	4	1	4	2	4	NA	NA	NA	10	3	4	2	2	LatAm	Tropics	High
278	CO-GUA	Stress	1.2	Ecosystem_degradation	1.2.2	Freshwater_hydrological_regimes	Variation_of_surface_water_levels	3	3	3	2	3	3	4	NA	NA	NA	10	3	3	1	2	LatAm	Tropics	High
279	CO-GUA	Stress	1.1	Ecosystem_conversion	1.1.2	Change_of_structure	Change_in_forest_structure_and_composition	3	3	3	1	3	3	4	NA	NA	NA	10	3	3	1	2	LatAm	Tropics	High
280	CO-GUA	Stress	1.1	Ecosystem_conversion	1.1.1	Loss_of_habitat	Loss_of_forest_area_(dry_forest)	3	2	2	1	3	3	4	NA	NA	NA	10	3	3	1	2	LatAm	Tropics	High
281	CO-GUA	Stress	1.2	Ecosystem_degradation	1.2.2	Freshwater_hydrological_regimes	Increase_of_flooded_area	2	3	4	1	4	3	4	NA	NA	NA	11	4	2	1	1	LatAm	Tropics	High
282	CO-GUA	Stress	1.2	Ecosystem_degradation	1.2.2	Freshwater_hydrological_regimes	Salinization	2	3	4	1	4	3	4	NA	NA	NA	11	4	4	1	1	LatAm	Tropics	High
283	CO-GUA	Stress	1.2	Ecosystem_degradation	1.2.2	Freshwater_hydrological_regimes	Changes_of_the_chemical_composition_of_underground_water	3	3	4	1	4	4	3	NA	NA	NA	11	4	3	4	1	LatAm	Tropics	High
284	CO-GUA	Stress	1.2	Ecosystem_degradation	1.2.2	Freshwater_hydrological_regimes	Changes_of_the_chemical_composition_of_water	3	3	4	1	4	3	4	NA	NA	NA	11	4	3	1	1	LatAm	Tropics	High
285	CO-GUA	Stress	1.2	Ecosystem_degradation	1.2.2	Freshwater_hydrological_regimes	Increased_sediment_loads_in_water_bodies	4	4	3	1	4	3	4	NA	NA	NA	11	4	4	1	1	LatAm	Tropics	High
286	CO-GUA	Stress	2.2	Species_disturbance	2.2.2	Population_dynamics	Decrease_of_genetic_diversity	3	3	4	1	4	3	4	NA	NA	NA	11	4	4	3	1	LatAm	Tropics	High
287	CO-GUA	Stress	2.1	Species_mortality	2.1.1	Loss_of_biodiversity	Loss_of_species	3	3	4	1	4	3	4	NA	NA	NA	11	4	4	2	1	LatAm	Tropics	High
288	CO-GUA	Stress	1.2	Ecosystem_degradation	1.2.3	Soil_conditions	Eutrophication	3	3	2	1	3	4	4	NA	NA	NA	11	4	2	2	1	LatAm	Tropics	High
289	CO-GUA	Stress	1.2	Ecosystem_degradation	1.2.3	Soil_conditions	Salinization	2	4	4	1	4	3	4	NA	NA	NA	11	4	4	1	1	LatAm	Tropics	High
290	CO-GUA	Stress	1.3	Indirect_ecosystem_effect	1.3.4	Fragmentation	Fragmentation	4	3	3	2	4	4	3	NA	NA	NA	11	4	3	2	1	LatAm	Tropics	High
291	CO-TOL	Stress	1.3	Indirect_ecosystem_effect	1.3.1	Climatic_changes	Thermic_stress_	NA	NA	NA	NA	NA	NA	NA	NA	NA	NA	NA	NA	NA	NA	NA	LatAm	Tropics	High
292	CO-TOL	Stress	1.2	Ecosystem_degradation	1.2.2	Freshwater_hydrological_regimes	Polluted_water_(organically)	3	3	3	1	3	1	1	NA	NA	NA	5	1	1	1	6	LatAm	Tropics	High
293	CO-TOL	Stress	1.3	Indirect_ecosystem_effect	1.3.4	Fragmentation	Fragmentation	3	3	3	1	3	2	2	NA	NA	NA	7	2	2	2	4	LatAm	Tropics	High
294	CO-TOL	Stress	1.2	Ecosystem_degradation	1.2.2	Freshwater_hydrological_regimes	Lowered_water_levels	2	3	3	1	3	3	1	NA	NA	NA	7	2	3	2	4	LatAm	Tropics	High
295	CO-TOL	Stress	1.2	Ecosystem_degradation	1.2.2	Freshwater_hydrological_regimes	Polluted_water_(chemically)	2	3	3	2	3	2	2	NA	NA	NA	7	2	2	1	4	LatAm	Tropics	High
296	CO-TOL	Stress	1.3	Indirect_ecosystem_effect	1.3.1	Climatic_changes	Hydric_stress_	2	2	2	1	2	3	2	NA	NA	NA	7	2	2	2	4	LatAm	Tropics	High
297	CO-TOL	Stress	2.1	Species_mortality	2.1.1	Loss_of_biodiversity	Loss_of_species	2	3	3	1	3	3	2	NA	NA	NA	8	2	3	2	3	LatAm	Tropics	High
298	CO-TOL	Stress	2.3	Indirect_species_effect	2.3.2	Community_composition	Displacement_of_native_species	2	2	3	1	3	3	2	NA	NA	NA	8	2	3	2	3	LatAm	Tropics	High
299	CO-TOL	Stress	1.2	Ecosystem_degradation	1.2.3	Soil_conditions	Reduced_soil_humidity	2	3	3	1	3	3	2	NA	NA	NA	8	2	3	3	3	LatAm	Tropics	High
300	CO-TOL	Stress	1.3	Indirect_ecosystem_effect	1.3.3	Energy_flow	Reduced_primary_production	2	2	3	1	3	3	2	NA	NA	NA	8	2	3	3	3	LatAm	Tropics	High
301	CO-TOL	Stress	1.2	Ecosystem_degradation	1.2.3	Soil_conditions	Eroded_soils	3	3	3	2	3	3	2	NA	NA	NA	8	2	3	2	3	LatAm	Tropics	High
302	CO-TOL	Stress	1.3	Indirect_ecosystem_effect	1.3.5	Succession_and_regeneration	Loss_of_resilience	3	4	3	1	4	3	2	NA	NA	NA	9	3	3	3	2	LatAm	Tropics	High
303	CO-TOL	Stress	1.1	Ecosystem_conversion	1.1.1	Loss_of_habitat	Loss_of_ecosystems	2	3	4	2	4	3	2	NA	NA	NA	9	3	2	1	2	LatAm	Tropics	High
304	CO-TOL	Stress	1.1	Ecosystem_conversion	1.1.2	Change_of_structure	Simplification_of_habitats_and_structural_complexity_	3	3	4	2	4	3	2	NA	NA	NA	9	3	3	1	2	LatAm	Tropics	High
305	CO-TOL	Stress	1.2	Ecosystem_degradation	1.2.3	Soil_conditions	Desertification	3	3	4	2	4	3	2	NA	NA	NA	9	3	3	2	2	LatAm	Tropics	High
306	CO-TOL	Stress	1.3	Indirect_ecosystem_effect	1.3.1	Climatic_changes	Increased_UV_levels	4	3	3	1	4	3	4	NA	NA	NA	11	4	4	1	1	LatAm	Tropics	High
307	GE-DED	Stress	1.2	Ecosystem_degradation	1.2.3	Soil_conditions	Salinization	2	2	1	3	2	2	2	NA	NA	NA	6	1	2	3	6	World	Temperate	High
308	GE-DED	Stress	2.3	Indirect_species_effect	2.3.2	Community_composition	Decrease_of_prey_population	3	3	3	2	3	3	1	NA	NA	NA	7	2	3	1	5	World	Temperate	High
309	GE-DED	Stress	2.3	Indirect_species_effect	2.3.2	Community_composition	Increase_of_population_of_mice_	3	2	2	2	3	2	2	NA	NA	NA	7	2	3	3	5	World	Temperate	High
310	GE-DED	Stress	2.3	Indirect_species_effect	2.3.2	Community_composition	Change_in_species_composition	4	1	2	1	3	2	2	NA	NA	NA	7	2	3	4	5	World	Temperate	High
311	GE-DED	Stress	1.1	Ecosystem_conversion	1.1.2	Change_of_structure	Forest_withering	3	1	2	1	2	3	3	NA	NA	NA	8	2	3	3	4	World	Temperate	High
312	GE-DED	Stress	1.1	Ecosystem_conversion	1.1.2	Change_of_structure	Forest_dieback	1	1	3	1	2	3	3	NA	NA	NA	8	2	3	4	4	World	Temperate	High
313	GE-DED	Stress	2.1	Species_mortality	2.1.1	Loss_of_biodiversity	Loss_of_species	1	1	4	1	3	2	3	NA	NA	NA	8	2	3	4	4	World	Temperate	High
314	GE-DED	Stress	1.2	Ecosystem_degradation	1.2.3	Soil_conditions	Loss_of_nutrients	3	2	2	1	3	2	3	NA	NA	NA	8	2	1	1	4	World	Temperate	High
315	GE-DED	Stress	1.2	Ecosystem_degradation	1.2.2	Freshwater_hydrological_regimes	Drying_up_of_rivers_and_lakes	3	2	1	2	2	3	3	NA	NA	NA	8	2	3	3	4	World	Temperate	High
316	GE-DED	Stress	1.1	Ecosystem_conversion	1.1.1	Loss_of_habitat	Loss_of_habitat	3	3	3	1	3	3	3	NA	NA	NA	9	3	3	2	3	World	Temperate	High
317	GE-DED	Stress	1.3	Indirect_ecosystem_effect	1.3.5	Succession_and_regeneration	Reduced_regeneration_capacity	3	3	3	2	3	3	3	NA	NA	NA	9	3	1	1	3	World	Temperate	High
318	GE-DED	Stress	1.3	Indirect_ecosystem_effect	1.3.3	Energy_flow	Reduction_of_agricultural_production_	2	3	3	1	3	3	4	NA	NA	NA	10	3	3	2	2	World	Temperate	High
319	GE-DED	Stress	2.3	Indirect_species_effect	2.3.2	Community_composition	Decrease_of_quality_of_pasture_areas_	3	3	2	1	3	3	4	NA	NA	NA	10	3	2	3	2	World	Temperate	High
320	GE-DED	Stress	1.1	Ecosystem_conversion	1.1.1	Loss_of_habitat	Reduction_of_pasture_areas_	3	3	2	1	3	3	4	NA	NA	NA	10	3	2	3	2	World	Temperate	High
321	GE-DED	Stress	1.2	Ecosystem_degradation	1.2.3	Soil_conditions	Desertification	3	3	3	1	3	3	4	NA	NA	NA	10	3	3	4	2	World	Temperate	High
322	GE-DED	Stress	1.2	Ecosystem_degradation	1.2.3	Soil_conditions	Degraded_soils	4	3	3	1	4	3	4	NA	NA	NA	11	4	3	3	1	World	Temperate	High
323	GE-TUS	Stress	2.2	Species_disturbance	2.2.2	Population_dynamics	Reduced_population_sizes_(animals)	1	2	3	4	3	1	1	NA	NA	NA	5	1	2	1	6	World	Temperate	High
324	GE-TUS	Stress	1.1	Ecosystem_conversion	1.1.1	Loss_of_habitat	Decrease_of_forest_area_(birch_forest)	1	1	2	3	2	2	1	NA	NA	NA	5	1	2	2	6	World	Temperate	High
325	GE-TUS	Stress	2.2	Species_disturbance	2.2.2	Population_dynamics	Reduced_population_sizes	1	2	3	3	3	1	1	NA	NA	NA	5	1	2	2	6	World	Temperate	High
326	GE-TUS	Stress	1.1	Ecosystem_conversion	1.1.1	Loss_of_habitat	Decrease_of_pasture_area	1	2	3	2	3	2	1	NA	NA	NA	6	1	3	2	5	World	Temperate	High
327	GE-TUS	Stress	2.2	Species_disturbance	2.2.1	Physiology_and_behaviour	Drying_of_pine_forest_(Pinus_kochiana)	1	2	3	1	3	1	2	NA	NA	NA	6	1	3	2	5	World	Temperate	High
328	GE-TUS	Stress	1.2	Ecosystem_degradation	1.2.3	Soil_conditions	Lack_of_nutrients	3	2	4	1	4	2	1	NA	NA	NA	7	2	3	3	4	World	Temperate	High
329	GE-TUS	Stress	1.3	Indirect_ecosystem_effect	1.3.5	Succession_and_regeneration	Succession/encroachment_of_trees_on_alpine_meadows	1	3	2	1	2	3	3	NA	NA	NA	8	2	2	2	3	World	Temperate	High
330	GE-TUS	Stress	1.1	Ecosystem_conversion	1.1.1	Loss_of_habitat	Decrease_of_forest_area	2	3	2	3	3	2	3	NA	NA	NA	8	2	2	1	3	World	Temperate	High
331	GE-TUS	Stress	1.2	Ecosystem_degradation	1.2.2	Freshwater_hydrological_regimes	Polluted_water	2	2	4	1	3	3	2	NA	NA	NA	8	2	2	2	3	World	Temperate	High
332	GE-TUS	Stress	1.2	Ecosystem_degradation	1.2.3	Soil_conditions	Polluted_soils	2	3	2	4	3	2	3	NA	NA	NA	8	2	3	2	3	World	Temperate	High
333	GE-TUS	Stress	1.3	Indirect_ecosystem_effect	1.3.3	Energy_flow	Reduction_of_agricultural_production_	2	3	3	1	3	3	3	NA	NA	NA	9	3	2	3	2	World	Temperate	High
334	GE-TUS	Stress	2.1	Species_mortality	2.1.1	Loss_of_biodiversity	Decrease_of_tree_species_(rare_species)	1	2	3	1	3	3	3	NA	NA	NA	9	3	3	2	2	World	Temperate	High
335	GE-TUS	Stress	1.3	Indirect_ecosystem_effect	1.3.1	Climatic_changes	Disruption_of_the_seasonality_	4	3	4	1	4	3	4	NA	NA	NA	11	4	4	2	1	World	Temperate	High
336	GE-TUS	Stress	1.3	Indirect_ecosystem_effect	1.3.1	Climatic_changes	Hydric_stress_	4	3	4	1	4	3	4	NA	NA	NA	11	4	4	2	1	World	Temperate	High
337	GE-TUS	Stress	1.3	Indirect_ecosystem_effect	1.3.1	Climatic_changes	Thermic_stress_	4	3	4	1	4	3	4	NA	NA	NA	11	4	4	2	1	World	Temperate	High
338	NA-OKF	Stress	2.1	Species_mortality	2.1.1	Loss_of_biodiversity	Loss_of_species	NA	NA	NA	NA	NA	NA	NA	NA	NA	NA	NA	NA	NA	NA	NA	World	Tropics	Medium
339	NA-OKF	Stress	1.2	Ecosystem_degradation	1.2.2	Freshwater_hydrological_regimes	Lowered_water_table	2	2	2	2	2	2	3	NA	NA	NA	7	2	4	2	6	World	Tropics	Medium
340	NA-OKF	Stress	1.3	Indirect_ecosystem_effect	1.3.3	Energy_flow	Reduced_primary_production_(forests)	3	2	2	1	3	2	3	NA	NA	NA	8	2	4	1	5	World	Tropics	Medium
341	NA-OKF	Stress	1.2	Ecosystem_degradation	1.2.3	Soil_conditions	Eroded_soils	2	2	4	1	3	2	4	NA	NA	NA	9	3	2	1	4	World	Tropics	Medium
342	NA-OKF	Stress	1.1	Ecosystem_conversion	1.1.2	Change_of_structure	Siltation_of_pools	3	3	4	2	4	3	3	NA	NA	NA	10	3	3	2	3	World	Tropics	Medium
343	NA-OKF	Stress	1.1	Ecosystem_conversion	1.1.2	Change_of_structure	Reduced_plant_density	2	4	4	2	4	2	4	NA	NA	NA	10	3	2	1	3	World	Tropics	Medium
344	NA-OKF	Stress	1.3	Indirect_ecosystem_effect	1.3.1	Climatic_changes	Short_growing_season	4	1	1	1	2	4	4	NA	NA	NA	10	3	4	1	3	World	Tropics	Medium
345	NA-OKF	Stress	1.2	Ecosystem_degradation	1.2.2	Freshwater_hydrological_regimes	Water_logging_	4	2	3	1	3	3	4	NA	NA	NA	10	3	4	2	3	World	Tropics	Medium
346	NA-OKF	Stress	2.2	Species_disturbance	2.2.2	Population_dynamics	Reduced_population_sizes_(game_and_fish_species)	4	3	4	2	4	3	4	NA	NA	NA	11	4	2	1	2	World	Tropics	Medium
347	NA-OKF	Stress	1.3	Indirect_ecosystem_effect	1.3.3	Energy_flow	Reduced_productivity_of_grasslands_and_crop_fields	3	4	4	2	4	3	4	NA	NA	NA	11	4	4	1	2	World	Tropics	Medium
348	NA-OKF	Stress	1.3	Indirect_ecosystem_effect	1.3.4	Fragmentation	Fragmentation_of_forests	3	3	4	2	4	3	4	NA	NA	NA	11	4	4	1	2	World	Tropics	Medium
349	NA-OKF	Stress	1.3	Indirect_ecosystem_effect	1.3.1	Climatic_changes	Water_dries_up_fast	3	3	4	2	4	3	4	NA	NA	NA	11	4	3	1	2	World	Tropics	Medium
350	NA-OKF	Stress	1.2	Ecosystem_degradation	1.2.2	Freshwater_hydrological_regimes	Decreased_quality_of_water	3	3	4	2	4	3	4	NA	NA	NA	11	4	2	1	2	World	Tropics	Medium
351	NA-OKF	Stress	1.1	Ecosystem_conversion	1.1.2	Change_of_structure	Siltation_of_the_river	4	4	4	4	4	4	4	NA	NA	NA	12	4	3	2	1	World	Tropics	Medium
352	NA-OKF	Stress	1.2	Ecosystem_degradation	1.2.3	Soil_conditions	Poor_infiltration_	3	4	4	1	4	4	4	NA	NA	NA	12	4	4	1	1	World	Tropics	Medium
353	RU-FCS	Stress	2.3	Indirect_species_effect	2.3.2	Community_composition	Change_of_characteristics_of_forest_habitats	NA	NA	NA	NA	NA	NA	NA	NA	NA	NA	NA	NA	NA	NA	NA	World	Temperate	High
354	RU-FCS	Stress	1.3	Indirect_ecosystem_effect	1.3.5	Succession_and_regeneration	Natural_ecosystem_dynamic_is_changed	NA	NA	NA	NA	NA	NA	NA	NA	NA	NA	NA	NA	NA	NA	NA	World	Temperate	High
355	RU-FCS	Stress	1.3	Indirect_ecosystem_effect	1.3.4	Fragmentation	Fragmentation_of_forests	NA	NA	NA	NA	NA	NA	NA	NA	NA	NA	NA	NA	NA	NA	NA	World	Temperate	High
356	RU-FCS	Stress	1.1	Ecosystem_conversion	1.1.2	Change_of_structure	Creation_of_new_habitats_and_ecological_niches_	NA	NA	NA	NA	NA	NA	NA	NA	NA	NA	NA	NA	3	NA	NA	World	Temperate	High
357	RU-FCS	Stress	2.2	Species_disturbance	2.2.2	Population_dynamics	Unbalanced_population_age_structure_(Less_very_old_trees)	NA	NA	NA	NA	NA	NA	NA	NA	NA	NA	NA	NA	NA	NA	NA	World	Temperate	High
358	RU-FCS	Stress	2.3	Indirect_species_effect	2.3.1	Synecological_interactions	Keystone_species_influence_(beavers_etc.)	NA	NA	NA	NA	NA	NA	NA	NA	NA	NA	NA	NA	NA	NA	NA	World	Temperate	High
359	RU-FCS	Stress	2.3	Indirect_species_effect	2.3.2	Community_composition	Change_in_tree_species_composition_(less_deciduous_trees)	NA	NA	NA	NA	NA	NA	NA	NA	NA	NA	NA	NA	NA	NA	NA	World	Temperate	High
360	RU-FCS	Stress	1.1	Ecosystem_conversion	1.1.2	Change_of_structure	Reduced_structural_and_species_diversity__(of_forests)	NA	NA	NA	NA	NA	NA	NA	NA	NA	NA	NA	NA	NA	NA	NA	World	Temperate	High
361	RU-FCS	Stress	2.3	Indirect_species_effect	2.3.2	Community_composition	Change_of_numbers/_composition_of_species_(regulators_and_pests)	NA	NA	NA	NA	NA	NA	NA	NA	NA	NA	NA	NA	NA	NA	NA	World	Temperate	High
362	RU-FCS	Stress	1.3	Indirect_ecosystem_effect	1.3.5	Succession_and_regeneration	Conditions_for_reforestation	NA	NA	NA	NA	NA	NA	NA	NA	NA	NA	NA	NA	NA	NA	NA	World	Temperate	High
363	RU-FCS	Stress	1.1	Ecosystem_conversion	1.1.2	Change_of_structure	Formation_of_new_habitat_for_diversity_of_flora_&_fauna	NA	NA	NA	NA	NA	NA	NA	NA	NA	NA	NA	NA	3	NA	NA	World	Temperate	High
364	RU-FCS	Stress	2.1	Species_mortality	2.1.1	Loss_of_biodiversity	Extinction_of_mammoths_and_other_giant_animals	NA	NA	NA	NA	NA	NA	NA	NA	NA	NA	NA	NA	NA	NA	NA	World	Temperate	High
365	RU-FCS	Stress	2.2	Species_disturbance	2.2.2	Population_dynamics	Change_of_population_size	NA	NA	NA	NA	NA	NA	NA	NA	NA	NA	NA	NA	2	3	NA	World	Temperate	High
366	RU-FCS	Stress	2.3	Indirect_species_effect	2.3.2	Community_composition	Heterogeneity_of_breed_and_species_composition	NA	NA	NA	NA	NA	NA	NA	NA	NA	NA	NA	NA	NA	NA	NA	World	Temperate	High
367	RU-FCS	Stress	2.2	Species_disturbance	2.2.1	Physiology_and_behaviour	Disturbance_of_(big)_animals	1	2	1	3	2	1	2	NA	NA	NA	5	1	2	2	5	World	Temperate	High
368	RU-FCS	Stress	1.1	Ecosystem_conversion	1.1.2	Change_of_structure	Decreased_forest_density	2	2	2	3	2	1	2	NA	NA	NA	5	1	2	1	5	World	Temperate	High
369	RU-FCS	Stress	1.3	Indirect_ecosystem_effect	1.3.3	Energy_flow	Deceleration_of_forest_growth	2	1	1	3	2	1	2	NA	NA	NA	5	1	2	3	5	World	Temperate	High
370	RU-FCS	Stress	2.3	Indirect_species_effect	2.3.1	Synecological_interactions	Migration_routes_disrupted/disturbed	2	3	4	4	4	1	1	NA	NA	NA	6	1	3	2	4	World	Temperate	High
371	RU-FCS	Stress	2.3	Indirect_species_effect	2.3.2	Community_composition	Growth_of_moose_populations_-_elimination_of_plants	1	1	1	1	1	3	2	NA	NA	NA	6	1	2	1	4	World	Temperate	High
372	RU-FCS	Stress	2.2	Species_disturbance	2.2.2	Population_dynamics	Changed_dynamics_of_forest_animal_populations	3	2	2	3	3	1	2	NA	NA	NA	6	1	3	4	4	World	Temperate	High
373	RU-FCS	Stress	1.1	Ecosystem_conversion	1.1.2	Change_of_structure	Increasing_gap_dynamics	1	1	1	1	1	3	2	NA	NA	NA	6	1	4	3	4	World	Temperate	High
374	RU-FCS	Stress	1.1	Ecosystem_conversion	1.1.1	Loss_of_habitat	Excessive_mire_areas	2	2	3	3	3	1	2	NA	NA	NA	6	1	2	3	4	World	Temperate	High
375	RU-FCS	Stress	1.3	Indirect_ecosystem_effect	1.3.2	Disturbance_processes	Shortened_fire_cycle	2	3	2	2	3	2	2	NA	NA	NA	7	2	3	3	3	World	Temperate	High
376	RU-FCS	Stress	2.3	Indirect_species_effect	2.3.2	Community_composition	Change_of_wood_species_-_changed_cycles	3	3	4	3	4	2	1	NA	NA	NA	7	2	4	2	3	World	Temperate	High
377	RU-FCS	Stress	2.2	Species_disturbance	2.2.2	Population_dynamics	Change_of_forest_age_distribution_-_less_very_old_trees	3	3	4	3	4	2	1	NA	NA	NA	7	2	2	1	3	World	Temperate	High
378	RU-FCS	Stress	2.2	Species_disturbance	2.2.2	Population_dynamics	Dissociation_of_populations_-_gene_flow	3	3	4	1	4	2	1	NA	NA	NA	7	2	3	4	3	World	Temperate	High
379	RU-FCS	Stress	1.3	Indirect_ecosystem_effect	1.3.5	Succession_and_regeneration	Reduced_regeneration_capacity	4	3	3	4	4	2	1	NA	NA	NA	7	2	2	2	3	World	Temperate	High
380	RU-FCS	Stress	1.2	Ecosystem_degradation	1.2.2	Freshwater_hydrological_regimes	Changed_frequency_and_intensity_of_floods	1	1	2	2	2	3	2	NA	NA	NA	7	2	3	2	3	World	Temperate	High
381	RU-FCS	Stress	1.1	Ecosystem_conversion	1.1.2	Change_of_structure	Hydric_stress_of_forest_stands	2	2	2	1	2	3	2	NA	NA	NA	7	2	3	2	3	World	Temperate	High
382	RU-FCS	Stress	1.2	Ecosystem_degradation	1.2.3	Soil_conditions	Remineralisation_-_loss_of_fertility	2	1	1	1	2	3	2	NA	NA	NA	7	2	3	3	3	World	Temperate	High
383	RU-FCS	Stress	1.2	Ecosystem_degradation	1.2.2	Freshwater_hydrological_regimes	Polluted_water_(surface_and_underground_water)	3	3	4	3	4	1	2	NA	NA	NA	7	2	2	1	3	World	Temperate	High
384	RU-FCS	Stress	2.1	Species_mortality	2.1.1	Loss_of_biodiversity	Loss_of_species_(Vulnerable_species_extinction)	3	2	4	2	4	2	2	NA	NA	NA	8	2	3	3	2	World	Temperate	High
385	RU-FCS	Stress	1.2	Ecosystem_degradation	1.2.3	Soil_conditions	Changed_nutrient_return_to_soil_(or_energy_flow?)	1	2	3	2	3	2	3	NA	NA	NA	8	2	2	2	2	World	Temperate	High
386	RU-FCS	Stress	1.1	Ecosystem_conversion	1.1.1	Loss_of_habitat	Change_of_distribution_area/_area_of_available_habitats	1	2	3	1	3	3	2	NA	NA	NA	8	2	4	3	2	World	Temperate	High
387	RU-FCS	Stress	2.2	Species_disturbance	2.2.1	Physiology_and_behaviour	Frequency_and_area_of_deadfall	1	3	4	1	3	3	2	NA	NA	NA	8	2	3	3	2	World	Temperate	High
388	RU-FCS	Stress	1.2	Ecosystem_degradation	1.2.2	Freshwater_hydrological_regimes	Changed_water_regime	2	3	3	1	3	3	2	NA	NA	NA	8	2	3	2	2	World	Temperate	High
389	RU-FCS	Stress	1.1	Ecosystem_conversion	1.1.1	Loss_of_habitat	Loss_of_habitats_(reduced_habitat_diversity)	2	3	4	1	4	3	2	NA	NA	NA	9	3	3	3	1	World	Temperate	High
390	RU-FCS	Stress	1.1	Ecosystem_conversion	1.1.2	Change_of_structure	Reduced_diversity_of_forest_ecosystem_	3	3	4	1	4	3	2	NA	NA	NA	9	3	2	3	1	World	Temperate	High
391	RU-FCS	Stress	1.1	Ecosystem_conversion	1.1.2	Change_of_structure	Simplification_of_habitats_and_structural_complexity	3	4	4	1	4	3	2	NA	NA	NA	9	3	3	3	1	World	Temperate	High
392	MY-RSP	Stress	1.2	Ecosystem_degradation	1.2.2	Freshwater_hydrological_regimes	Disrupted_flood-pulse_dynamics	3	1	1	NA	2	NA	NA	NA	NA	NA	NA	NA	NA	NA	NA	World	Tropics	High
393	MY-RSP	Stress	1.3	Indirect_ecosystem_effect	1.3.1	Climatic_changes	Thermal_pollution_from_oil_palm_mills	1	1	1	1	1	2	2	NA	NA	NA	5	1	3	1	7	World	Tropics	High
394	MY-RSP	Stress	2.2	Species_disturbance	2.2.1	Physiology_and_behaviour	Increased_tree_sapling_mortality	2	2	2	3	2	2	2	NA	NA	NA	6	1	1	1	6	World	Tropics	High
395	MY-RSP	Stress	1.3	Indirect_ecosystem_effect	1.3.1	Climatic_changes	Deteriorated_air_quality	1	1	1	3	1	2	3	NA	NA	NA	6	1	3	1	6	World	Tropics	High
396	MY-RSP	Stress	1.1	Ecosystem_conversion	1.1.2	Change_of_structure	Decreased_forest_density	3	2	3	1	3	3	1	NA	NA	NA	7	2	3	1	5	World	Tropics	High
397	MY-RSP	Stress	1.3	Indirect_ecosystem_effect	1.3.5	Succession_and_regeneration	Reduced_regeneration_capacity	4	4	3	1	4	2	1	NA	NA	NA	7	2	3	1	5	World	Tropics	High
398	MY-RSP	Stress	1.2	Ecosystem_degradation	1.2.3	Soil_conditions	Polluted_soils_(chemical)	2	2	2	1	2	3	2	NA	NA	NA	7	2	4	3	5	World	Tropics	High
399	MY-RSP	Stress	1.1	Ecosystem_conversion	1.1.2	Change_of_structure	Drought_related_dieback	3	2	2	2	3	2	3	NA	NA	NA	8	2	4	3	4	World	Tropics	High
400	MY-RSP	Stress	1.2	Ecosystem_degradation	1.2.2	Freshwater_hydrological_regimes	Polluted_water_(from_mills_&_plantations)	3	3	3	1	3	3	2	NA	NA	NA	8	2	3	3	4	World	Tropics	High
401	MY-RSP	Stress	1.2	Ecosystem_degradation	1.2.3	Soil_conditions	Polluted_soils_(physical)	2	1	1	1	2	3	3	NA	NA	NA	8	2	3	1	4	World	Tropics	High
402	MY-RSP	Stress	2.3	Indirect_species_effect	2.3.1	Synecological_interactions	Concentration_&_intensification_of_animal_activities_(food_&_shelter)_on_remaining_habitats	3	2	4	1	4	3	2	NA	NA	NA	9	3	3	2	3	World	Tropics	High
403	MY-RSP	Stress	1.2	Ecosystem_degradation	1.2.2	Freshwater_hydrological_regimes	Degraded_riparian_zones	4	4	3	1	4	3	2	NA	NA	NA	9	3	3	1	3	World	Tropics	High
404	MY-RSP	Stress	1.2	Ecosystem_degradation	1.2.3	Soil_conditions	Excessive_mineralisation_of_soils	2	2	2	1	2	3	4	NA	NA	NA	9	3	3	3	3	World	Tropics	High
405	MY-RSP	Stress	1.2	Ecosystem_degradation	1.2.2	Freshwater_hydrological_regimes	Artificial_water_retention_and_stagnation	2	3	2	1	3	3	3	NA	NA	NA	9	3	3	2	3	World	Tropics	High
406	MY-RSP	Stress	1.2	Ecosystem_degradation	1.2.2	Freshwater_hydrological_regimes	Disrupted_flow_of_ground-_and_surface_water	2	3	3	1	3	3	3	NA	NA	NA	9	3	3	2	3	World	Tropics	High
407	MY-RSP	Stress	1.2	Ecosystem_degradation	1.2.2	Freshwater_hydrological_regimes	Heating_up_of_water_temperature_in_water_courses	3	3	3	1	3	3	3	NA	NA	NA	9	3	3	2	3	World	Tropics	High
408	MY-RSP	Stress	2.3	Indirect_species_effect	2.3.2	Community_composition	Reduced_food_quantity_and_quality_	3	3	3	1	3	3	3	NA	NA	NA	9	3	3	2	3	World	Tropics	High
409	MY-RSP	Stress	1.2	Ecosystem_degradation	1.2.3	Soil_conditions	Humus_reduction_(Less_organic_matter_&_leaf_litter_(incl._carbon_&_nutrients))	3	2	2	1	3	3	3	NA	NA	NA	9	3	3	2	3	World	Tropics	High
410	MY-RSP	Stress	1.1	Ecosystem_conversion	1.1.2	Change_of_structure	Siltation_of_waterways_and_swamps	2	3	3	1	3	3	3	NA	NA	NA	9	3	3	2	3	World	Tropics	High
411	MY-RSP	Stress	1.3	Indirect_ecosystem_effect	1.3.4	Fragmentation	Loss_of_connectivity	3	3	3	1	3	3	3	NA	NA	NA	9	3	3	1	3	World	Tropics	High
412	MY-RSP	Stress	2.2	Species_disturbance	2.2.2	Population_dynamics	Population_fragmentation	3	2	3	1	3	3	3	NA	NA	NA	9	3	3	1	3	World	Tropics	High
413	MY-RSP	Stress	1.1	Ecosystem_conversion	1.1.2	Change_of_structure	Simplification_of_habitats_and_structural_complexity_(homogenous_canopy_cover)	3	2	2	1	3	3	3	NA	NA	NA	9	3	3	1	3	World	Tropics	High
414	MY-RSP	Stress	2.2	Species_disturbance	2.2.1	Physiology_and_behaviour	Fungal_infection_(e.g._Ganoderma)	3	3	4	1	4	3	3	NA	NA	NA	10	3	4	3	2	World	Tropics	High
415	MY-RSP	Stress	1.2	Ecosystem_degradation	1.2.3	Soil_conditions	Reduced_soil_humidity	3	3	4	1	4	3	3	NA	NA	NA	10	3	4	2	2	World	Tropics	High
416	MY-RSP	Stress	2.1	Species_mortality	2.1.1	Loss_of_biodiversity	Loss_of_biodiversity_and_functional_soil_biota	3	3	4	1	4	3	3	NA	NA	NA	10	3	3	2	2	World	Tropics	High
417	MY-RSP	Stress	1.2	Ecosystem_degradation	1.2.3	Soil_conditions	Disrupted_cation-exchange	3	3	4	1	4	3	3	NA	NA	NA	10	3	4	2	2	World	Tropics	High
418	MY-RSP	Stress	1.2	Ecosystem_degradation	1.2.3	Soil_conditions	Loss_of_soil_porosity	3	3	4	1	4	3	3	NA	NA	NA	10	3	3	2	2	World	Tropics	High
419	MY-RSP	Stress	1.3	Indirect_ecosystem_effect	1.3.1	Climatic_changes	Higher_humidity_fluctuations	3	3	3	1	3	3	4	NA	NA	NA	10	3	4	3	2	World	Tropics	High
420	MY-RSP	Stress	1.3	Indirect_ecosystem_effect	1.3.1	Climatic_changes	More_extreme_soil_temperature_fluctuations	3	3	4	1	4	3	3	NA	NA	NA	10	3	3	2	2	World	Tropics	High
421	MY-RSP	Stress	1.2	Ecosystem_degradation	1.2.3	Soil_conditions	Decreased_water_retention_capacity_in_soil_and_vegetation	3	3	4	1	4	3	3	NA	NA	NA	10	3	3	2	2	World	Tropics	High
422	MY-RSP	Stress	1.1	Ecosystem_conversion	1.1.1	Loss_of_habitat	Loss_of_habitat	3	4	4	1	4	3	3	NA	NA	NA	10	3	3	2	2	World	Tropics	High
423	MY-RSP	Stress	1.2	Ecosystem_degradation	1.2.3	Soil_conditions	Changed_nutrient_return_to_soil	3	3	4	1	4	3	3	NA	NA	NA	10	3	3	2	2	World	Tropics	High
424	MY-RSP	Stress	1.2	Ecosystem_degradation	1.2.2	Freshwater_hydrological_regimes	Increased_sediment_loads_in_rivers	4	4	4	1	4	3	3	NA	NA	NA	10	3	3	2	2	World	Tropics	High
425	MY-RSP	Stress	1.2	Ecosystem_degradation	1.2.2	Freshwater_hydrological_regimes	Eutrophication	3	3	2	1	3	3	4	NA	NA	NA	10	3	3	1	2	World	Tropics	High
426	MY-RSP	Stress	1.1	Ecosystem_conversion	1.1.1	Loss_of_habitat	Decrease_of_forest_area	3	4	4	1	4	3	3	NA	NA	NA	10	3	3	2	2	World	Tropics	High
427	MY-RSP	Stress	2.3	Indirect_species_effect	2.3.2	Community_composition	More_disturbance_tolerant_and_generalistic_species	4	3	4	1	4	3	3	NA	NA	NA	10	3	3	2	2	World	Tropics	High
428	MY-RSP	Stress	2.1	Species_mortality	2.1.1	Loss_of_biodiversity	Loss_of_species	2	4	4	1	4	3	3	NA	NA	NA	10	3	3	2	2	World	Tropics	High
429	MY-RSP	Stress	1.3	Indirect_ecosystem_effect	1.3.1	Climatic_changes	Higher_temperature_fluctuations	3	3	3	1	3	3	4	NA	NA	NA	10	3	4	3	2	World	Tropics	High
430	MY-RSP	Stress	1.2	Ecosystem_degradation	1.2.3	Soil_conditions	Peat_subsidence	1	3	4	1	3	3	4	NA	NA	NA	10	3	4	1	2	World	Tropics	High
431	MY-RSP	Stress	1.2	Ecosystem_degradation	1.2.3	Soil_conditions	Eroded_soils	3	4	4	2	4	3	3	NA	NA	NA	10	3	4	2	2	World	Tropics	High
432	MY-RSP	Stress	1.3	Indirect_ecosystem_effect	1.3.1	Climatic_changes	Accentuated_reduction_of_water_quantity_during_dry_season	1	3	4	1	3	3	4	NA	NA	NA	10	3	4	3	2	World	Tropics	High
433	MY-RSP	Stress	2.3	Indirect_species_effect	2.3.1	Synecological_interactions	Changes_in_phenology	3	2	4	1	4	3	4	NA	NA	NA	11	4	4	2	1	World	Tropics	High
434	MY-RSP	Stress	1.3	Indirect_ecosystem_effect	1.3.1	Climatic_changes	Larger_forest_edges_exposed_to_harmful_edge_effects	4	3	4	1	4	3	4	NA	NA	NA	11	4	3	1	1	World	Tropics	High
435	MY-RSP	Stress	1.3	Indirect_ecosystem_effect	1.3.1	Climatic_changes	Changes_in_micro_climate	2	3	4	1	4	3	4	NA	NA	NA	11	4	4	3	1	World	Tropics	High
436	MY-RSP	Stress	2.2	Species_disturbance	2.2.2	Population_dynamics	Reduced_population_sizes	3	3	4	1	4	3	4	NA	NA	NA	11	4	3	1	1	World	Tropics	High
437	MY-RSP	Stress	1.2	Ecosystem_degradation	1.2.3	Soil_conditions	Altered_geomorphological_structure	3	3	4	1	4	3	4	NA	NA	NA	11	4	4	1	1	World	Tropics	High
438	MY-RSP	Stress	1.2	Ecosystem_degradation	1.2.3	Soil_conditions	Altered_soil_structure	3	3	4	1	4	3	4	NA	NA	NA	11	4	4	1	1	World	Tropics	High
439	NA-MNY	Stress	1.3	Indirect_ecosystem_effect	1.3.4	Fragmentation	Loss_of_connectivity	NA	NA	NA	1	2	2	1	NA	NA	NA	5	1	4	1	7	World	Tropics	Medium
440	NA-MNY	Stress	2.1	Species_mortality	2.1.1	Loss_of_biodiversity	Decrease_of_wild_animals	NA	NA	NA	3	3	2	1	NA	NA	NA	6	1	2	1	6	World	Tropics	Medium
441	NA-MNY	Stress	2.2	Species_disturbance	2.2.1	Physiology_and_behaviour	Changes_in_species_migratory_behaviour_(due_to_hunger)	NA	NA	NA	1	4	2	1	NA	NA	NA	7	2	4	2	5	World	Tropics	Medium
442	NA-MNY	Stress	2.2	Species_disturbance	2.2.1	Physiology_and_behaviour	Changes_in_species_behaviour_(Wild_animals_come_to_villages)	NA	NA	NA	1	2	2	3	NA	NA	NA	7	2	2	1	5	World	Tropics	Medium
443	NA-MNY	Stress	1.3	Indirect_ecosystem_effect	1.3.2	Disturbance_processes	Alteration_of_the_fire_cycle	NA	NA	NA	1	4	2	1	NA	NA	NA	7	2	4	2	5	World	Tropics	Medium
444	NA-MNY	Stress	1.2	Ecosystem_degradation	1.2.2	Freshwater_hydrological_regimes	General_decrease_of_water_resources	NA	NA	NA	1	1	2	4	NA	NA	NA	7	2	4	1	5	World	Tropics	Medium
445	NA-MNY	Stress	1.3	Indirect_ecosystem_effect	1.3.1	Climatic_changes	Seasonal_change_of_water_availability	NA	NA	NA	1	1	2	4	NA	NA	NA	7	2	4	1	5	World	Tropics	Medium
446	NA-MNY	Stress	2.3	Indirect_species_effect	2.3.1	Synecological_interactions	Migration_routes_disrupted/disturbed	NA	NA	NA	1	4	3	1	NA	NA	NA	8	2	4	1	4	World	Tropics	Medium
447	NA-MNY	Stress	1.3	Indirect_ecosystem_effect	1.3.3	Energy_flow	No_rain_>_fruit_will_not_grow	NA	NA	NA	1	3	2	3	NA	NA	NA	8	2	4	1	4	World	Tropics	Medium
448	NA-MNY	Stress	1.2	Ecosystem_degradation	1.2.3	Soil_conditions	Reduced_soil_humidity	NA	NA	NA	1	1	3	4	NA	NA	NA	8	2	4	1	4	World	Tropics	Medium
449	NA-MNY	Stress	2.2	Species_disturbance	2.2.1	Physiology_and_behaviour	Changes_in_species_migratory_behaviour_(due_to_less_space)	NA	NA	NA	1	4	3	2	NA	NA	NA	9	3	2	1	3	World	Tropics	Medium
450	NA-MNY	Stress	2.2	Species_disturbance	2.2.1	Physiology_and_behaviour	Animals_are_losing_weight_due_to_shortage_of_water	NA	NA	NA	1	3	2	4	NA	NA	NA	9	3	4	1	3	World	Tropics	Medium
451	NA-MNY	Stress	1.2	Ecosystem_degradation	1.2.3	Soil_conditions	Eroded_soils	NA	NA	NA	1	2	3	4	NA	NA	NA	9	3	1	1	3	World	Tropics	Medium
452	NA-MNY	Stress	1.1	Ecosystem_conversion	1.1.2	Change_of_structure	Decreased_forest_density	NA	NA	NA	1	4	2	4	NA	NA	NA	10	3	3	1	2	World	Tropics	Medium
453	NA-MNY	Stress	1.3	Indirect_ecosystem_effect	1.3.3	Energy_flow	Reduction_of_agricultural_production_	NA	NA	NA	1	3	3	4	NA	NA	NA	10	3	4	1	2	World	Tropics	Medium
454	NA-MNY	Stress	1.3	Indirect_ecosystem_effect	1.3.1	Climatic_changes	Hydric_stress_(trees_and_grasses)	NA	NA	NA	1	4	4	3	NA	NA	NA	11	4	4	1	1	World	Tropics	Medium
455	NA-GMU	Stress	1.1	Ecosystem_conversion	1.1.1	Loss_of_habitat	Decrease_of_grazing_area/land	NA	NA	NA	1	1	2	1	NA	NA	NA	4	1	1	1	7	World	Tropics	Medium
456	NA-GMU	Stress	1.3	Indirect_ecosystem_effect	1.3.1	Climatic_changes	Shortage_of_water	NA	NA	NA	4	2	1	1	NA	NA	NA	4	1	4	4	7	World	Tropics	Medium
457	NA-GMU	Stress	2.3	Indirect_species_effect	2.3.2	Community_composition	Changes_in_the_composition_of_grazing_grass	NA	NA	NA	1	2	2	1	NA	NA	NA	5	1	1	2	6	World	Tropics	Medium
458	NA-GMU	Stress	2.2	Species_disturbance	2.2.1	Physiology_and_behaviour	Disturbance_of_wildlife	NA	NA	NA	4	2	2	1	NA	NA	NA	5	1	2	1	6	World	Tropics	Medium
459	NA-GMU	Stress	1.1	Ecosystem_conversion	1.1.2	Change_of_structure	Decreased_forest_density	NA	NA	NA	1	2	2	1	NA	NA	NA	5	1	1	2	6	World	Tropics	Medium
460	NA-GMU	Stress	1.2	Ecosystem_degradation	1.2.3	Soil_conditions	Eroded_soils	NA	NA	NA	2	1	3	2	NA	NA	NA	6	1	3	4	5	World	Tropics	Medium
461	NA-GMU	Stress	1.1	Ecosystem_conversion	1.1.1	Loss_of_habitat	Loss_of_habitat	NA	NA	NA	1	3	2	2	NA	NA	NA	7	2	3	2	4	World	Tropics	Medium
462	NA-GMU	Stress	1.3	Indirect_ecosystem_effect	1.3.2	Disturbance_processes	Alteration_of_the_fire_cycle	NA	NA	NA	4	4	2	1	NA	NA	NA	7	2	1	2	4	World	Tropics	Medium
463	NA-GMU	Stress	1.3	Indirect_ecosystem_effect	1.3.3	Energy_flow	Reduction_of_agricultural_production_	NA	NA	NA	2	1	3	4	NA	NA	NA	8	2	3	4	3	World	Tropics	Medium
464	NA-GMU	Stress	1.3	Indirect_ecosystem_effect	1.3.1	Climatic_changes	Changes_in_the_seasonality	NA	NA	NA	1	3	3	3	NA	NA	NA	9	3	4	3	2	World	Tropics	Medium
465	NA-GMU	Stress	1.3	Indirect_ecosystem_effect	1.3.1	Climatic_changes	Thermic_stress_	NA	NA	NA	2	4	3	4	NA	NA	NA	11	4	4	4	1	World	Tropics	Medium
466	BR-CPB	Stress	2.2	Species_disturbance	2.2.1	Physiology_and_behaviour	Disturbance_of_wildlife	NA	NA	NA	NA	NA	NA	NA	NA	NA	NA	NA	NA	NA	NA	8	LatAm	Tropics	High
467	BR-CPB	Stress	1.3	Indirect_ecosystem_effect	1.3.3	Energy_flow	Reduced_primary_production	1	3	2	2	2	2	1	NA	NA	NA	5	1	1	1	7	LatAm	Tropics	High
468	BR-CPB	Stress	1.1	Ecosystem_conversion	1.1.2	Change_of_structure	Loss_of_vegetation_cover	2	4	3	4	3	1	3	NA	NA	NA	7	2	2	1	6	LatAm	Tropics	High
469	BR-CPB	Stress	1.3	Indirect_ecosystem_effect	1.3.4	Fragmentation	Fragmentation_of_forests	3	4	2	1	3	3	2	NA	NA	NA	8	2	2	1	5	LatAm	Tropics	High
470	BR-CPB	Stress	1.1	Ecosystem_conversion	1.1.1	Loss_of_habitat	Decrease_of_forest_area	3	3	4	4	4	2	2	NA	NA	NA	8	2	2	2	5	LatAm	Tropics	High
471	BR-CPB	Stress	1.2	Ecosystem_degradation	1.2.3	Soil_conditions	Compacted_soils	1	2	1	1	2	3	3	NA	NA	NA	8	2	3	1	5	LatAm	Tropics	High
472	BR-CPB	Stress	1.1	Ecosystem_conversion	1.1.2	Change_of_structure	Siltation_of_rivers	1	4	3	2	3	3	2	NA	NA	NA	8	2	4	1	5	LatAm	Tropics	High
473	BR-CPB	Stress	1.2	Ecosystem_degradation	1.2.2	Freshwater_hydrological_regimes	Modification_of_river_courses	1	3	4	2	3	2	3	NA	NA	NA	8	2	3	1	5	LatAm	Tropics	High
474	BR-CPB	Stress	1.2	Ecosystem_degradation	1.2.2	Freshwater_hydrological_regimes	Disrupted_flow_of_water	1	3	4	2	3	2	3	NA	NA	NA	8	2	1	1	5	LatAm	Tropics	High
475	BR-CPB	Stress	1.2	Ecosystem_degradation	1.2.1	Marine_water_characteristics	Increase_of_sea_water_turbidity	1	2	1	1	2	3	3	NA	NA	NA	8	2	1	1	5	LatAm	Tropics	High
476	BR-CPB	Stress	1.2	Ecosystem_degradation	1.2.2	Freshwater_hydrological_regimes	Lowered_water_table	1	2	2	1	2	3	3	NA	NA	NA	8	2	2	3	5	LatAm	Tropics	High
477	BR-CPB	Stress	1.2	Ecosystem_degradation	1.2.2	Freshwater_hydrological_regimes	Low_groundwater_formation_rate	1	2	2	1	2	3	3	NA	NA	NA	8	2	2	2	5	LatAm	Tropics	High
478	BR-CPB	Stress	2.3	Indirect_species_effect	2.3.2	Community_composition	Change_in_species_composition	1	2	1	2	2	3	4	NA	NA	NA	9	3	3	3	4	LatAm	Tropics	High
479	BR-CPB	Stress	1.3	Indirect_ecosystem_effect	1.3.4	Fragmentation	Fragmentation_of_mangroves	2	3	3	1	3	3	3	NA	NA	NA	9	3	2	3	4	LatAm	Tropics	High
480	BR-CPB	Stress	2.1	Species_mortality	2.1.1	Loss_of_biodiversity	Coral_bleaching	2	1	1	2	2	3	4	NA	NA	NA	9	3	4	1	4	LatAm	Tropics	High
481	BR-CPB	Stress	2.2	Species_disturbance	2.2.2	Population_dynamics	Decrease_of_genetic_diversity	1	4	4	1	4	2	3	NA	NA	NA	9	3	3	3	4	LatAm	Tropics	High
482	BR-CPB	Stress	2.1	Species_mortality	2.1.1	Loss_of_biodiversity	Loss_of_species	3	4	4	1	4	2	3	NA	NA	NA	9	3	3	2	4	LatAm	Tropics	High
483	BR-CPB	Stress	1.1	Ecosystem_conversion	1.1.1	Loss_of_habitat	Decrease_of_mangrove_area	3	4	3	1	4	2	3	NA	NA	NA	9	3	3	2	4	LatAm	Tropics	High
484	BR-CPB	Stress	1.2	Ecosystem_degradation	1.2.3	Soil_conditions	Eroded_soils	1	4	4	2	4	3	2	NA	NA	NA	9	3	4	1	4	LatAm	Tropics	High
485	BR-CPB	Stress	1.2	Ecosystem_degradation	1.2.2	Freshwater_hydrological_regimes	Polluted_water	1	2	3	2	3	2	4	NA	NA	NA	9	3	1	1	4	LatAm	Tropics	High
486	BR-CPB	Stress	1.2	Ecosystem_degradation	1.2.2	Freshwater_hydrological_regimes	Eutrophication	4	1	1	1	2	4	3	NA	NA	NA	9	3	1	1	4	LatAm	Tropics	High
487	BR-CPB	Stress	1.2	Ecosystem_degradation	1.2.2	Freshwater_hydrological_regimes	Reduction_of_freshwater_sources_(water_volume_in_rivers)	1	2	2	1	2	3	4	NA	NA	NA	9	3	2	2	4	LatAm	Tropics	High
488	BR-CPB	Stress	1.2	Ecosystem_degradation	1.2.2	Freshwater_hydrological_regimes	Changes_of_hydric_balance	1	2	2	1	2	3	4	NA	NA	NA	9	3	2	2	4	LatAm	Tropics	High
489	BR-CPB	Stress	1.3	Indirect_ecosystem_effect	1.3.1	Climatic_changes	Hydric_stress_	1	2	2	1	2	3	4	NA	NA	NA	9	3	2	2	4	LatAm	Tropics	High
490	BR-CPB	Stress	2.2	Species_disturbance	2.2.1	Physiology_and_behaviour	Bioaccumulation	3	4	3	1	4	3	3	NA	NA	NA	10	3	3	3	3	LatAm	Tropics	High
491	BR-CPB	Stress	2.2	Species_disturbance	2.2.1	Physiology_and_behaviour	Changes_in_the_life_cycle_of_species	1	4	3	2	3	3	4	NA	NA	NA	10	3	3	3	3	LatAm	Tropics	High
492	BR-CPB	Stress	1.3	Indirect_ecosystem_effect	1.3.4	Fragmentation	Fragmentation_of_coral_reefs	3	4	3	1	4	3	3	NA	NA	NA	10	3	2	3	3	LatAm	Tropics	High
493	BR-CPB	Stress	1.2	Ecosystem_degradation	1.2.3	Soil_conditions	Eroded_soils	3	2	2	1	3	4	3	NA	NA	NA	10	3	1	1	3	LatAm	Tropics	High
494	BR-CPB	Stress	1.2	Ecosystem_degradation	1.2.2	Freshwater_hydrological_regimes	Changes_in_water_quality	3	2	2	1	3	3	4	NA	NA	NA	10	3	1	1	3	LatAm	Tropics	High
495	BR-CPB	Stress	1.3	Indirect_ecosystem_effect	1.3.1	Climatic_changes	Thermic_stress_	2	3	3	2	3	3	4	NA	NA	NA	10	3	4	3	3	LatAm	Tropics	High
496	BR-CPB	Stress	1.2	Ecosystem_degradation	1.2.3	Soil_conditions	Polluted_soils__	3	2	2	1	3	4	4	NA	NA	NA	11	4	3	1	2	LatAm	Tropics	High
497	BR-CPB	Stress	1.2	Ecosystem_degradation	1.2.3	Soil_conditions	Poor_infiltration	1	4	4	1	4	4	4	NA	NA	NA	12	4	3	1	1	LatAm	Tropics	High
