ID	Assessment	Class	IUCN_Group_Number	IUCN_Sub_Group_Number	IUCN_Group	IUCN_Subgroup	Name	Scope	Severity	Irreversibility	Criticality_20_years_ago	Overall_criticality	Trend_of_change_(of_current_criticality)	Criticality_in_the_next_20_years	Systemic_activity_(level_of_activity)	Systemic_activity_(no._of_influenced_elements)	Systemic_Activity	Strategic_Relevance_(Value)	Strategic_Relevance_(Rank)	Manageability	Knowledge	Rank	Region	Climate	Human_Development_Index
1	CN-NAF	Threat	11	11.1	Climate_change_and_severe_weather	Habitat_shifting_and_alteration	Decrease_of_air_humidity	NA	NA	NA	NA	NA	NA	NA	NA	NA	NA	NA	NA	NA	NA	NA	World	Subtropics	High
2	CN-NAF	Threat	11	11.1_	Climate_change_and_severe_weather	Habitat_shifting_and_alteration	Increase_of_mean_temperature	NA	NA	NA	NA	NA	NA	NA	NA	NA	NA	NA	NA	NA	NA	NA	World	Subtropics	High
3	CN-NAF	Threat	11	11.2	Climate_change_and_severe_weather	Droughts	Droughts	NA	NA	NA	NA	NA	NA	NA	NA	NA	NA	NA	NA	NA	NA	NA	World	Subtropics	High
4	CN-NAF	Threat	11	11.3	Climate_change_and_severe_weather	Temperature_extremes	Frost_events	NA	NA	NA	NA	NA	NA	NA	NA	NA	NA	NA	NA	NA	NA	NA	World	Subtropics	High
5	CN-NAF	Threat	11	11.4	Climate_change_and_severe_weather	Storms_and_flooding	Storms	NA	NA	NA	NA	NA	NA	NA	NA	NA	NA	NA	NA	NA	NA	NA	World	Subtropics	High
6	CN-NAF	Threat	11	11.4	Climate_change_and_severe_weather	Storms_and_flooding	Heavy_precipitation_events	NA	NA	NA	NA	NA	NA	NA	NA	NA	NA	NA	NA	NA	NA	NA	World	Subtropics	High
7	CN-NAF	Threat	2	2.3	Agriculture_and_aquaculture	Livestock_farming_and_ranching	Overgrazing	NA	NA	NA	NA	NA	NA	NA	NA	NA	NA	NA	NA	NA	NA	NA	World	Subtropics	High
8	CN-NAF	Threat	5	5.3	Biological_resource_use	Logging_and_wood_harvesting	Illegal_logging_of_large_trees	NA	NA	NA	NA	NA	NA	NA	NA	NA	NA	NA	NA	NA	NA	NA	World	Subtropics	High
9	CN-NAF	Threat	6	6.1	Human_intrusions_and_disturbance	Recreational_activities	Mountain_climbing_for_recreation	NA	NA	NA	NA	NA	NA	NA	NA	NA	NA	NA	NA	NA	NA	NA	World	Subtropics	High
10	CN-NAF	Threat	7	7.1	Natural_system_modifications	Fire_and_fire_suppression	Forest_fires	NA	NA	NA	NA	NA	NA	NA	NA	NA	NA	NA	NA	NA	NA	NA	World	Subtropics	High
11	CN-NAF	Threat	9	9.3	Pollution	Agricultural_and_forestry_effluents	Soil_erosion	NA	NA	NA	NA	NA	NA	NA	NA	NA	NA	NA	NA	NA	NA	NA	World	Subtropics	High
12	CN-NAJ	Threat	8	8.2	Invasive_and_other_problematic_species_and_genes	Problematic_native_species	Insect_pests_&_diseases	4	2	2	NA	3	NA	NA	NA	NA	NA	NA	NA	NA	NA	NA	World	Subtropics	High
13	CN-NAJ	Threat	11	11.1	Climate_change_and_severe_weather	Habitat_shifting_and_alteration	Increase_of_mean_temperature	NA	NA	NA	NA	NA	NA	NA	NA	NA	NA	NA	NA	NA	NA	NA	World	Subtropics	High
14	CN-NAJ	Threat	11	11.2	Climate_change_and_severe_weather	Droughts	Droughts	NA	NA	NA	NA	NA	NA	NA	NA	NA	NA	NA	NA	NA	NA	NA	World	Subtropics	High
15	CN-NAJ	Threat	11	11.3	Climate_change_and_severe_weather	Temperature_extremes	Extreme_frosts_(iced_water_surface)	NA	NA	NA	NA	NA	NA	NA	NA	NA	NA	NA	NA	NA	NA	NA	World	Subtropics	High
16	CN-NAJ	Threat	11	11.4	Climate_change_and_severe_weather	Storms_and_flooding	Floods	NA	NA	NA	NA	NA	NA	NA	NA	NA	NA	NA	NA	NA	NA	NA	World	Subtropics	High
17	CN-NAJ	Threat	11	11.4	Climate_change_and_severe_weather	Storms_and_flooding	Extreme_weather_events	NA	NA	NA	NA	NA	NA	NA	NA	NA	NA	NA	NA	NA	NA	NA	World	Subtropics	High
18	CN-NAJ	Threat	7	7.2	Natural_system_modifications	Dams_and_water_management/use	Water_consumption	NA	NA	NA	NA	NA	NA	NA	NA	NA	NA	NA	NA	NA	NA	NA	World	Subtropics	High
19	CN-NAJ	Threat	7	7.2	Natural_system_modifications	Dams_and_water_management/use	Change_of_hydrological_regime	NA	NA	NA	NA	NA	NA	NA	NA	NA	NA	NA	NA	NA	NA	NA	World	Subtropics	High
20	CN-NAJ	Threat	8	8.2	Invasive_and_other_problematic_species_and_genes	Problematic_native_species	Increase_growth_of_algae	NA	NA	NA	NA	NA	NA	NA	NA	NA	NA	NA	NA	NA	NA	NA	World	Subtropics	High
21	CN-NAJ	Threat	9	9.1	Pollution	Household_sewage_and_urban_waste_water	Dumping_of_household_wastes_in_water__	NA	NA	NA	NA	NA	NA	NA	NA	NA	NA	NA	NA	NA	NA	NA	World	Subtropics	High
22	CN-NAJ	Threat	9	9.2	Pollution	Industrial_and_military_effluents	Discharge_of_heavy_metals_and_other_toxins	NA	NA	NA	NA	NA	NA	NA	NA	NA	NA	NA	NA	NA	NA	NA	World	Subtropics	High
23	CN-NAJ	Threat	9	9.3	Pollution	Agricultural_and_forestry_effluents	Eutrophication	NA	NA	NA	NA	NA	NA	NA	NA	NA	NA	NA	NA	NA	NA	NA	World	Subtropics	High
24	CN-JIU	Threat	1	1.1	Residential_and_commercial_development	Housing_and_urban_areas	Expansion_of_infrastructure	NA	NA	NA	NA	NA	NA	NA	NA	NA	NA	NA	NA	NA	NA	NA	World	Subtropics	High
25	CN-JIU	Threat	1	1.3	Residential_and_commercial_development	Tourism_and_recreation_areas	Expansion_of_infrastructure	NA	NA	NA	NA	NA	NA	NA	NA	NA	NA	NA	NA	NA	NA	NA	World	Subtropics	High
26	CN-JIU	Threat	10	10.3	Geological_events	Avalanches/landslides	Landslides	NA	NA	NA	NA	NA	NA	NA	NA	NA	NA	NA	NA	NA	NA	NA	World	Subtropics	High
27	CN-JIU	Threat	11	11.2	Climate_change_and_severe_weather	Droughts	Droughts	NA	NA	NA	NA	NA	NA	NA	NA	NA	NA	NA	NA	NA	NA	NA	World	Subtropics	High
28	CN-JIU	Threat	11	11.3	Climate_change_and_severe_weather	Temperature_extremes	Extreme_temperatures	NA	NA	NA	NA	NA	NA	NA	NA	NA	NA	NA	NA	NA	NA	NA	World	Subtropics	High
29	CN-JIU	Threat	11	11.3	Climate_change_and_severe_weather	Temperature_extremes	Freezing_rainfall_in_winter	NA	NA	NA	NA	NA	NA	NA	NA	NA	NA	NA	NA	NA	NA	NA	World	Subtropics	High
30	CN-JIU	Threat	11	11.4	Climate_change_and_severe_weather	Storms_and_flooding	Heavy_precipitation_events	NA	NA	NA	NA	NA	NA	NA	NA	NA	NA	NA	NA	NA	NA	NA	World	Subtropics	High
31	CN-JIU	Threat	5	5.1	Biological_resource_use	Hunting_and_collecting_terrestrial_animals	Hunting	NA	NA	NA	NA	NA	NA	NA	NA	NA	NA	NA	NA	NA	NA	NA	World	Subtropics	High
32	CN-JIU	Threat	5	5.1	Biological_resource_use	Hunting_and_collecting_terrestrial_animals	Overexploitation_of_wild_animal_species_(Insect_collection)	NA	NA	NA	NA	NA	NA	NA	NA	NA	NA	NA	NA	NA	NA	NA	World	Subtropics	High
33	CN-JIU	Threat	5	5.2	Biological_resource_use	Gathering_terrestrial_plants	Overexploitation_of_wild_raw_non-timber_materials_(Food_and_medicinal_plants)	NA	NA	NA	NA	NA	NA	NA	NA	NA	NA	NA	NA	NA	NA	NA	World	Subtropics	High
34	CN-JIU	Threat	5	5.3	Biological_resource_use	Logging_and_wood_harvesting	Logging	NA	NA	NA	NA	NA	NA	NA	NA	NA	NA	NA	NA	NA	NA	NA	World	Subtropics	High
35	CN-JIU	Threat	5	5.3	Biological_resource_use	Logging_and_wood_harvesting	Deforestation	NA	NA	NA	NA	NA	NA	NA	NA	NA	NA	NA	NA	NA	NA	NA	World	Subtropics	High
36	CN-JIU	Threat	7	7.1	Natural_system_modifications	Fire_and_fire_suppression	Forest_fires	NA	NA	NA	NA	NA	NA	NA	NA	NA	NA	NA	NA	NA	NA	NA	World	Subtropics	High
37	CN-JIU	Threat	8	8.1	Invasive_and_other_problematic_species_and_genes	Invasive_non-native/alien_species	Facilitation_of_invasions	NA	NA	NA	NA	NA	NA	NA	NA	NA	NA	NA	NA	NA	NA	NA	World	Subtropics	High
38	CN-JIU	Threat	8	8.2	Invasive_and_other_problematic_species_and_genes	Problematic_native_species	Rodent_pest_due_to_reduced_predator_populations	NA	NA	NA	NA	NA	NA	NA	NA	NA	NA	NA	NA	NA	NA	NA	World	Subtropics	High
39	CN-JIU	Threat	8	8.2	Invasive_and_other_problematic_species_and_genes	Problematic_native_species	Pests_	NA	NA	NA	NA	NA	NA	NA	NA	NA	NA	NA	NA	NA	NA	NA	World	Subtropics	High
40	CN-JIU	Threat	9	9.3	Pollution	Agricultural_and_forestry_effluents	Pollution_	NA	NA	NA	NA	NA	NA	NA	NA	NA	NA	NA	NA	NA	NA	NA	World	Subtropics	High
41	CN-JIU	Threat	8	8.1	Invasive_and_other_problematic_species_and_genes	Invasive_non-native/alien_species	Invasive_species	3	2	3	NA	3	NA	NA	NA	NA	NA	NA	NA	NA	NA	NA	World	Subtropics	High
42	CN-JIU	Threat	8	8.2	Invasive_and_other_problematic_species_and_genes	Problematic_native_species	Increasing_incidence_of_pests_and_diseases	1	1	1	1	1	NA	NA	NA	NA	NA	NA	NA	NA	NA	NA	World	Subtropics	High
43	CR-MAN	Threat	11	11.4_	Climate_change_and_severe_weather	Storms_and_flooding	River_erosion	3	3	4	1	4	4	4	4	4	4	16	4	3	1	1	LatAm	Tropics	High
44	CR-MAN	Threat	11	11.4	Climate_change_and_severe_weather	Storms_and_flooding	Extreme_weather_events	4	4	4	2	4	3	4	4	4	4	15	4	4	2	2	LatAm	Tropics	High
45	CR-MAN	Threat	11	11.1	Climate_change_and_severe_weather	Habitat_shifting_and_alteration	Changes_in_precipitation_regime	4	4	4	2	4	3	4	4	4	4	15	4	4	2	2	LatAm	Tropics	High
46	CR-MAN	Threat	11	11.1	Climate_change_and_severe_weather	Habitat_shifting_and_alteration	Increase_of_mean_temperature_	4	4	4	2	4	3	4	4	4	4	15	4	4	2	2	LatAm	Tropics	High
47	CR-MAN	Threat	11	11.4_	Climate_change_and_severe_weather	Storms_and_flooding	Coastal_erosion	4	3	4	1	4	3	4	4	4	4	15	4	4	1	2	LatAm	Tropics	High
48	CR-MAN	Threat	9	9.3	Pollution	Agricultural_and_forestry_effluents	Sedimentation	4	4	4	1	4	3	4	4	4	4	15	4	3	3	2	LatAm	Tropics	High
49	CR-MAN	Threat	8	8.1	Invasive_and_other_problematic_species_and_genes	Invasive_non-native/alien_species	Exotic_species	3	3	3	1	3	3	4	4	4	4	14	4	3	3	3	LatAm	Tropics	High
50	CR-MAN	Threat	5	5.4	Biological_resource_use	Fishing_and_harvesting_aquatic_resources	Overfishing	2	4	3	1	3	3	4	4	4	4	14	4	1	3	3	LatAm	Tropics	High
51	CR-MAN	Threat	6	6.1	Human_intrusions_and_disturbance	Recreational_activities	Feeding_of_animals	3	3	2	1	3	3	4	4	4	4	14	4	1	1	3	LatAm	Tropics	High
52	CR-MAN	Threat	7	7.2	Natural_system_modifications	Dams_and_water_management/use	Increased_ground-water_consumption_	2	2	3	1	3	3	4	4	4	4	14	4	1	1	3	LatAm	Tropics	High
53	CR-MAN	Threat	5	5.4	Biological_resource_use	Fishing_and_harvesting_aquatic_resources	Unselective_fishing	2	4	4	3	4	2	4	4	4	4	14	4	1	1	3	LatAm	Tropics	High
54	CR-MAN	Threat	7	7.2	Natural_system_modifications	Dams_and_water_management/use	Construction_of_dams	2	2	3	1	3	3	4	4	4	4	14	4	1	1	3	LatAm	Tropics	High
55	CR-MAN	Threat	9	9.4	Pollution	Garbage_and_solid_waste	Garbage_and_solid_waste	3	4	2	1	3	3	4	4	4	4	14	4	1	3	3	LatAm	Tropics	High
56	CR-MAN	Threat	9	9.6	Pollution	Excess_energy	Coastal_lighting_(Light_pollution)	2	4	4	1	4	3	4	3	3	3	14	4	4	1	3	LatAm	Tropics	High
57	CR-MAN	Threat	11	11.1	Climate_change_and_severe_weather	Habitat_shifting_and_alteration	Sea_level_rise	4	4	4	1	4	1	4	4	4	4	13	3	4	2	4	LatAm	Tropics	High
58	CR-MAN	Threat	9	9.6	Pollution	Excess_energy	Noise_pollution	3	2	2	1	3	3	4	3	2	3	13	3	1	3	4	LatAm	Tropics	High
59	CR-MAN	Threat	5	5.1	Biological_resource_use	Hunting_and_collecting_terrestrial_animals	Hunting_and_collecting_terrestrial_animals	2	2	3	1	3	3	2	4	4	4	12	3	1	1	5	LatAm	Tropics	High
60	CR-MAN	Threat	5	5.2	Biological_resource_use	Gathering_terrestrial_plants	Gathering_terrestrial_plants	2	2	3	1	3	3	2	4	4	4	12	3	1	1	5	LatAm	Tropics	High
61	CR-MAN	Threat	5	5.3	Biological_resource_use	Logging_and_wood_harvesting	Logging_and_wood_harvesting	2	2	3	1	3	3	2	4	4	4	12	3	1	1	5	LatAm	Tropics	High
62	CR-MAN	Threat	9	9.1	Pollution	Household_sewage_and_urban_waste_water	Dumping_of_household_wastes_in_water__	4	4	3	1	4	2	3	3	3	3	12	3	1	3	5	LatAm	Tropics	High
63	CR-MAN	Threat	9	9.3	Pollution	Agricultural_and_forestry_effluents	Agrochemicals	4	4	3	1	4	2	3	3	3	3	12	3	1	3	5	LatAm	Tropics	High
64	CR-MAN	Threat	6	6.1	Human_intrusions_and_disturbance	Recreational_activities	Fragmentation_and_alteration_of_corals_by_tourists	1	3	3	1	3	3	4	2	2	2	12	3	1	3	5	LatAm	Tropics	High
65	CR-MAN	Threat	6	6.3	Human_intrusions_and_disturbance	Work_and_other_activities	Destruction_of_the_ocean_floor_by_boats_(Afectación_del_fondo_marino_por_navegación)	1	1	2	1	2	3	4	2	2	2	11	3	1	3	6	LatAm	Tropics	High
66	CR-MAN	Threat	6	6.1	Human_intrusions_and_disturbance	Recreational_activities	Diving_(coral_y_fondos)	1	2	2	1	2	3	4	2	2	2	11	3	1	3	6	LatAm	Tropics	High
67	CR-MAN	Threat	5	5.4	Biological_resource_use	Fishing_and_harvesting_aquatic_resources	Bycatch	2	4	3	3	3	2	1	4	4	4	10	2	1	3	7	LatAm	Tropics	High
68	CR-MAN	Threat	5	5.3	Biological_resource_use	Logging_and_wood_harvesting	Logging	3	3	3	3	2	1	2	3	2	3	8	2	1	1	9	LatAm	Tropics	High
69	CR-CAH	Threat	11	11.1	Climate_change_and_severe_weather	Habitat_shifting_and_alteration	Increased_sea_temperature	3	3	4	1	4	3	4	4	4	4	15	4	4	2	1	LatAm	Tropics	High
70	CR-CAH	Threat	11	11.4_	Climate_change_and_severe_weather	Storms_and_flooding	Coastal_erosion	3	3	4	2	4	4	4	3	2	3	15	4	4	2	1	LatAm	Tropics	High
71	CR-CAH	Threat	8	8.1	Invasive_and_other_problematic_species_and_genes	Invasive_non-native/alien_species	Invasive_species	3	3	4	3	4	4	4	3	2	3	15	4	4	4	1	LatAm	Tropics	High
72	CR-CAH	Threat	11	11.1	Climate_change_and_severe_weather	Habitat_shifting_and_alteration	Sea_level_rise	4	3	4	2	4	3	4	3	3	3	14	4	4	2	2	LatAm	Tropics	High
73	CR-CAH	Threat	11	11.4	Climate_change_and_severe_weather	Storms_and_flooding	Extreme_weather_events	4	3	3	2	4	3	4	3	3	3	14	4	4	2	2	LatAm	Tropics	High
74	CR-CAH	Threat	9	9.3	Pollution	Agricultural_and_forestry_effluents	Sedimentation	3	3	2	3	3	4	4	1	2	2	13	3	2	2	3	LatAm	Tropics	High
75	CR-CAH	Threat	8	8.2	Invasive_and_other_problematic_species_and_genes	Problematic_native_species	Diseases	3	3	4	2	4	3	4	1	2	2	13	3	4	3	3	LatAm	Tropics	High
76	CR-CAH	Threat	11	11.1_	Climate_change_and_severe_weather	Habitat_shifting_and_alteration	Increase_of_CO2_in_the_ocean	3	3	3	1	3	2	3	4	3	4	12	3	3	2	4	LatAm	Tropics	High
77	CR-CAH	Threat	11	11.1	Climate_change_and_severe_weather	Habitat_shifting_and_alteration	Increase_of_mean_temperature_	4	2	4	1	4	2	3	3	3	3	12	3	4	2	4	LatAm	Tropics	High
78	CR-CAH	Threat	9	9.1	Pollution	Household_sewage_and_urban_waste_water	Discharge_of_waste_water_into_rivers	4	3	1	2	3	3	3	2	2	2	11	3	2	2	5	LatAm	Tropics	High
79	CR-CAH	Threat	9	9.3	Pollution	Agricultural_and_forestry_effluents	Agrochemicals	3	3	2	4	3	3	2	3	2	3	11	3	2	2	5	LatAm	Tropics	High
80	CR-CAH	Threat	5	5.4	Biological_resource_use	Fishing_and_harvesting_aquatic_resources	Overfishing	2	3	3	4	3	3	2	3	3	3	11	3	2	3	5	LatAm	Tropics	High
81	CR-CAH	Threat	5	5.1	Biological_resource_use	Hunting_and_collecting_terrestrial_animals	Overexploitation_of_wild_animal_species_(Capturing_of_adults)	3	3	1	4	2	3	1	3	3	3	9	2	2	1	6	LatAm	Tropics	High
82	CR-CAH	Threat	5	5.1	Biological_resource_use	Hunting_and_collecting_terrestrial_animals	Overexploitation_of_wild_animal_species_(Collection_of_eggs)	3	3	1	2	2	3	1	3	3	3	9	2	1	1	6	LatAm	Tropics	High
83	CR-CAH	Threat	11	11.1	Climate_change_and_severe_weather	Habitat_shifting_and_alteration	Changes_of_marine_currents							3	3	2	3	6	1	4	4	8	LatAm	Tropics	High
84	CR-CAH	Threat	9	9.3	Pollution	Agricultural_and_forestry_effluents	Erosion	3	4	3	2	4	3	4	2	2	2	13	3	2	1	3	LatAm	Tropics	High
85	CR-CAH	Threat	5	5.3	Biological_resource_use	Logging_and_wood_harvesting	Deforestación	4	3	4	4	4	4	2	1	2	2	12	3	2	1	4	LatAm	Tropics	High
86	GT-LAC	Threat	7	7.1	Natural_system_modifications	Fire_and_fire_suppression	Forest_fires	3	4	4	2	4	3	4	NA	NA	3	14	4	4	1	1	LatAm	Tropics	Medium
87	GT-LAC	Threat	5	5.3	Biological_resource_use	Logging_and_wood_harvesting	Deforestation	3	4	4	2	4	3	4	NA	NA	3	14	4	3	1	1	LatAm	Tropics	Medium
88	GT-LAC	Threat	5	5.1	Biological_resource_use	Hunting_and_collecting_terrestrial_animals	Poaching	2	3	4	2	4	3	4	NA	NA	3	14	4	3	1	1	LatAm	Tropics	Medium
89	GT-LAC	Threat	11	11.2	Climate_change_and_severe_weather	Droughts	Droughts	4	4	3	2	4	3	4	NA	NA	3	14	4	4	2	1	LatAm	Tropics	Medium
90	GT-LAC	Threat	7	7.1	Natural_system_modifications	Fire_and_fire_suppression	Agricultural_fires	2	4	3	2	3	3	4	NA	NA	3	13	3	3	1	2	LatAm	Tropics	Medium
91	GT-LAC	Threat	8	8.1	Invasive_and_other_problematic_species_and_genes	Invasive_non-native/alien_species	Exotic_species	2	3	3	1	3	3	4	NA	NA	3	13	3	3	3	2	LatAm	Tropics	Medium
92	GT-LAC	Threat	11	11.4	Climate_change_and_severe_weather	Storms_and_flooding	Heavy_precipitation_events	4	3	4	4	4	3	3	NA	NA	3	13	3	4	2	2	LatAm	Tropics	Medium
93	GT-LAC	Threat	1	1.1	Residential_and_commercial_development	Housing_and_urban_areas	Infrastructure	2	3	3	2	3	2	4	NA	NA	3	12	3	2	1	3	LatAm	Tropics	Medium
94	GT-LAC	Threat	5	5.2	Biological_resource_use	Gathering_terrestrial_plants	Extraction_of_natural_resources	2	3	3	2	3	2	4	NA	NA	3	12	3	2	2	3	LatAm	Tropics	Medium
95	GT-LAC	Threat	5	5.3	Biological_resource_use	Logging_and_wood_harvesting	Extraction_of_natural_resources	2	3	3	2	3	2	4	NA	NA	3	12	3	2	2	3	LatAm	Tropics	Medium
96	GT-LAC	Threat	11	11.4	Climate_change_and_severe_weather	Storms_and_flooding	Hurricanes	2	2	3	2	3	3	3	NA	NA	3	12	3	4	2	3	LatAm	Tropics	Medium
97	GT-LAC	Threat	9	9.3	Pollution	Agricultural_and_forestry_effluents	Erosion	3	4	4	2	4	3	4	1	1	1	12	3	3	1		LatAm	Tropics	Medium
98	GT-LAC	Threat	9	9.3	Pollution	Agricultural_and_forestry_effluents	Agrochemicals	2	4	3	2	3	3	4	NA	NA	1	11	3	3	1	4	LatAm	Tropics	Medium
99	GT-LAC	Threat	11	11.4	Climate_change_and_severe_weather	Storms_and_flooding	Floods	2	4	3	2	3	3	4	NA	NA	1	11	3	4	3	4	LatAm	Tropics	Medium
100	PE-RCS	Threat	11	11.4	Climate_change_and_severe_weather	Storms_and_flooding	Heavy_precipitation_events	4	2	4	1	4	3	4	4	4	4	15	4	4	2	1	Amazon	Tropics	High
101	PE-RCS	Threat	11	11.3	Climate_change_and_severe_weather	Temperature_extremes	Extreme_temperatures_(high_and_low)	NA	NA	NA	1	4	3	4	3	3	3	14	4	4	3	2	Amazon	Tropics	High
102	PE-RCS	Threat	11	11.2	Climate_change_and_severe_weather	Droughts	Droughts	4	2	4	1	4	3	3	3	3	3	13	3	4	2	3	Amazon	Tropics	High
103	PE-RCS	Threat	11	11.1	Climate_change_and_severe_weather	Habitat_shifting_and_alteration	Increased_variability_of_the_climate	4	2	4	1	4	3	3	1	4	3	13	3	2	2	3	Amazon	Tropics	High
104	PE-RCS	Threat	11	11.1	Climate_change_and_severe_weather	Habitat_shifting_and_alteration	Changes_in_precipitation_regime_(Increase_in_annual_precipitation)	4	2	4	1	4	3	4	2	1	2	13	3	4	2	3	Amazon	Tropics	High
105	PE-RCS	Threat	7	7.1	Natural_system_modifications	Fire_and_fire_suppression	Forest_fires	1	3	2		2	3	4	NA	NA	4	13	NA	2	2	3	Amazon	Tropics	High
106	PE-RCS	Threat	7	7.1	Natural_system_modifications	Fire_and_fire_suppression	Agricultural_fires	2	2	3		3	3	3	NA	NA	4	13	NA	2	2	3	Amazon	Tropics	High
107	PE-RCS	Threat	2	2.1	Agriculture_and_aquaculture	Annual_and_perennial_nontimber_crops	Expansion_of_the_agricultural_frontier	2	3	3		3	3	4	NA	NA	3	13	NA	2	2	3	Amazon	Tropics	High
108	PE-RCS	Threat	2	2.3	Agriculture_and_aquaculture	Livestock_farming_and_ranching	Lifestock_farming	2	4	3		3	3	4	NA	NA	3	13	NA	2	2	3	Amazon	Tropics	High
109	PE-RCS	Threat	9	9.3	Pollution	Agricultural_and_forestry_effluents	Agrochemicals	NA	NA	NA	NA	3	3	3	NA	NA	2	11	NA	4	2	4	Amazon	Tropics	High
110	PE-RCS	Threat	9	9.4	Pollution	Garbage_and_solid_waste	Garbage_and_solid_waste	NA	NA	NA	NA	3	3	3	NA	NA	2	11	NA	4	2	4	Amazon	Tropics	High
111	PE-RCS	Threat	5	5.2	Biological_resource_use	Gathering_terrestrial_plants	Overexploitation_of_wild_raw_non-timber_materials	2	1	1		2	3	3	NA	NA	3	11	NA	2	3	4	Amazon	Tropics	High
112	PE-RCS	Threat	6	6.3	Human_intrusions_and_disturbance	Work_and_other_activities	Disturbance_of_animals	NA	NA	NA	NA	2	3	3	NA	NA	2	10	NA	2	3	5	Amazon	Tropics	High
113	PE-RCS	Threat	5	5.1	Biological_resource_use	Hunting_and_collecting_terrestrial_animals	Hunting	3	2	3		3	3	1	NA	NA	3	10	NA	2	2	5	Amazon	Tropics	High
114	PE-RCS	Threat	5	5.4	Biological_resource_use	Fishing_and_harvesting_aquatic_resources	Fishing_with_explosives	NA	NA	NA	NA	3	3	1	NA	NA	3	10	NA	2	2	5	Amazon	Tropics	High
115	PE-RCS	Threat	11	11.1	Climate_change_and_severe_weather	Habitat_shifting_and_alteration	Increased_variability_of_the_climate_(seasons)	4	2	4	3	3	1	1	3	3	3	8	2	2	1	6	Amazon	Tropics	High
116	PE-RCS	Threat	11	11.4	Climate_change_and_severe_weather	Storms_and_flooding	Floods	2	2	4	4	3	1	2	2	2	2	8	2	2	2	6	Amazon	Tropics	High
117	PE-RCS	Threat	11	11.1	Climate_change_and_severe_weather	Habitat_shifting_and_alteration	Changes_in_precipitation_regime	NA	NA	NA	1	2	2	1	3	2	3	8	2	3	2	6	Amazon	Tropics	High
118	PE-RCS	Threat	11	11.4	Climate_change_and_severe_weather	Storms_and_flooding	Storms_	NA	NA	NA	1	1	2	3	1	2	2	8	2	NA	NA	6	Amazon	Tropics	High
119	PE-RCS	Threat	11	11.4	Climate_change_and_severe_weather	Storms_and_flooding	Hurricanes	NA	NA	NA	4	2	1	1	4	4	4	8	2	3	2	6	Amazon	Tropics	High
120	PE-RCS	Threat	5	5.3	Biological_resource_use	Logging_and_wood_harvesting	Logging	NA	NA	NA	NA	4	1	1	NA	NA	2	8	NA	2	2	6	Amazon	Tropics	High
121	PE-RCS	Threat	11	11.1	Climate_change_and_severe_weather	Habitat_shifting_and_alteration	Increase_of_the_water_temperature	NA	NA	NA	3	3	1	1	1	2	2	7	1	2	3	7	Amazon	Tropics	High
122	PE-RCS	Threat	11	11.3	Climate_change_and_severe_weather	Temperature_extremes	Longer_and_intenser_cold_spells_	NA	NA	NA	3	2	1	1	1	2	2	6	1	3	2	8	Amazon	Tropics	High
123	PE-RCS	Threat	11	11.4	Climate_change_and_severe_weather	Storms_and_flooding	Hail	NA	NA	NA	4	2	1	1	2	2	2	6	1	1	2	8	Amazon	Tropics	High
124	PE-RCS	Threat	9	9.2	Pollution	Industrial_and_military_effluents	Discharge_of_heavy_metals_and_other_toxins	NA	NA	NA	3	2	1	1	1	2	2	6	1	3	3	8	Amazon	Tropics	High
125	PE-RCS	Threat	5	5.3	Biological_resource_use	Logging_and_wood_harvesting	Unselective_logging	3	2	1	NA	2	NA	NA	NA	NA	NA	2	NA	NA	NA	9	Amazon	Tropics	High
126	PE-RCS	Threat	4	4.3	Transportation_and_service_corridors	Shipping_lanes	Inadequate_use_of_rivers_for_transportation	NA	NA	NA	NA	NA	NA	NA	NA	NA	NA	NA	NA	NA	NA	9	Amazon	Tropics	High
127	PE-RCS	Threat	11	11.2	Climate_change_and_severe_weather	Droughts	Dry_up_of_wells_and_lakes	NA	NA	NA	NA	NA	NA	NA	NA	NA	NA	NA	NA	NA	NA	9	Amazon	Tropics	High
128	PE-RCS	Threat	5	5.3	Biological_resource_use	Logging_and_wood_harvesting	Clear_cuts	NA	NA	NA	NA	NA	NA	NA	NA	NA	NA	NA	NA	NA	NA	9	Amazon	Tropics	High
129	PE-RCS	Threat	8	8.1	Invasive_and_other_problematic_species_and_genes	Invasive_non-native/alien_species	Invasive_species_	NA	NA	NA	NA	NA	NA	NA	NA	NA	NA	NA	NA	NA	NA	9	Amazon	Tropics	High
130	PE-RCS	Threat	8	8.1	Invasive_and_other_problematic_species_and_genes	Invasive_non-native/alien_species	Invasive_species_(along_ripparien_forests)	NA	NA	NA	NA	NA	NA	NA	NA	NA	NA	NA	NA	NA	NA	9	Amazon	Tropics	High
131	PE-RCS	Threat	10	10.3	Geological_events	Avalanches/landslides	Landslides	NA	NA	NA	NA	NA	NA	NA	NA	NA	NA	NA	NA	NA	NA	NA	Amazon	Tropics	High
132	PE-RCS	Threat	9	9.3	Pollution	Agricultural_and_forestry_effluents	Erosion	NA	NA	NA	NA	NA	NA	NA	NA	NA	NA	NA	NA	NA	NA	NA	Amazon	Tropics	High
133	PE-RCS	Threat	11	11.4	Climate_change_and_severe_weather	Storms_and_flooding	"Inundaciones_más_fuertes_y_frecuentes
"	NA	NA	NA	NA	NA	NA	NA	NA	NA	NA	NA	NA	NA	NA	NA	Amazon	Tropics	High
134	DE-LRP	Threat	2	2.1	Agriculture_and_aquaculture	Annual_and_perennial_nontimber_crops	Intensification_of_land_use	NA	NA	NA	NA	NA	NA	NA	NA	NA	NA	NA	NA	NA	NA	10	World	Temperate	Very
135	DE-LRP	Threat	11	11.1	Climate_change_and_severe_weather	Habitat_shifting_and_alteration	Increase_of_mean_temperature_	4	4	4	1	4	3	4	4	4	4	15	4	3	2	1	World	Temperate	Very
136	DE-LRP	Threat	11	11.2	Climate_change_and_severe_weather	Droughts	Droughts	4	3	4	1	4	3	4	4	4	4	15	4	4	3	1	World	Temperate	Very
137	DE-LRP	Threat	5	5.3	Biological_resource_use	Logging_and_wood_harvesting	Intensification_of_timber_use_(Nutzungsintensivierung_(kürzere_Umtriebszeiten,_intensivere_Entnahme_von_Alt-_und_Totholz))	2	4	4	1	4	3	4	3	3	3	14	4	4	2	2	World	Temperate	Very
138	DE-LRP	Threat	11	11.1	Climate_change_and_severe_weather	Habitat_shifting_and_alteration	Changes_in_precipitation_regime	4	4	4	3	4	2	3	4	4	4	13	3	3	4	3	World	Temperate	Very
139	DE-LRP	Threat	4	4.1	Transportation_and_service_corridors	Roads_and_railroads	Road_construction_	3	3	4	2	3	2	4	4	3	4	13	3	2	1	3	World	Temperate	Very
140	DE-LRP	Threat	9	9.3	Pollution	Agricultural_and_forestry_effluents	Agrochemicals_and_pesticides_(Landwirtschaftliche_Praxis_(hoher_Biozid-_und_Düngereinsatz,_Anbauverfahren,_Mastanlagen))	3	3	3	2	3	2	4	3	4	4	13	3	3	2	3	World	Temperate	Very
141	DE-LRP	Threat	4	4.2	Transportation_and_service_corridors	Utility_and_service_lines	Installation_of_underground_cables	2	4	4		3	3	4	3	2	3	13	3	1	2	3	World	Temperate	Very
142	DE-LRP	Threat	11	11.4	Climate_change_and_severe_weather	Storms_and_flooding	Heavy_precipitation_events	2	2	4	1	3	3	4	3	1	2	12	3	4	3	4	World	Temperate	Very
143	DE-LRP	Threat	4	4.1	Transportation_and_service_corridors	Roads_and_railroads	Extension/_fastening_of_forest_roads	2	1	4	1	3	3	4	2	1	2	12	3	3	2	4	World	Temperate	Very
144	DE-LRP	Threat	5	5.3	Biological_resource_use	Logging_and_wood_harvesting	Contruction_of_logging_roads	4	3	4	1	4	2	3	3	2	3	12	3	3	1	4	World	Temperate	Very
145	DE-LRP	Threat	8	8.1	Invasive_and_other_problematic_species_and_genes	Invasive_non-native/alien_species	Invasive_species	1	1	4	1	3	3	4	2	1	2	12	3	3	3	4	World	Temperate	Very
146	DE-LRP	Threat	9	9.3	Pollution	Agricultural_and_forestry_effluents	Soil_erosion	1	2	3	1	2	3	4	3	2	3	12	3	2	3	4	World	Temperate	Very
147	DE-LRP	Threat	2	2.1	Agriculture_and_aquaculture	Annual_and_perennial_nontimber_crops	Increased_size_of_land_use_planning_units_(Vergrößerung_der_Ackerschläge)	4	3	3	3	3	3	4	2	1	2	12	3	2	1	4	World	Temperate	Very
148	DE-LRP	Threat	4	4.1	Transportation_and_service_corridors	Roads_and_railroads	Road_construction_	3	3	4	1	4	3	3	2	1	2	12	3	2	1	4	World	Temperate	Very
149	DE-LRP	Threat	7	7.2	Natural_system_modifications	Dams_and_water_management/use	Drainage	4	4	1	4	3	2	2	3	3	4	11	3	3	2	5	World	Temperate	Very
150	DE-LRP	Threat	5	5.3	Biological_resource_use	Logging_and_wood_harvesting	Historic_plantations_of_pine_monocultures_((historisch)_Pflanzung_von_Kiefernmonokulturen)	3	3	2	4	3	2	3	3	2	3	11	3	2	1	5	World	Temperate	Very
151	DE-LRP	Threat	11	11.4	Climate_change_and_severe_weather	Storms_and_flooding	Storms	3	1	4	2	3	2	4	3	1	2	11	3	4	4	5	World	Temperate	Very
152	DE-LRP	Threat	1	1.1	Residential_and_commercial_development	Housing_and_urban_areas	Housing_and_urban_areas	2	3	4	1	3	2	4	2	1	2	11	3	3	1	5	World	Temperate	Very
153	DE-LRP	Threat	7	7.2	Natural_system_modifications	Dams_and_water_management/use	Increased_ground-water_consumption_	1	2	1	3	1	2	4	3	2	3	10	2	2	2	6	World	Temperate	Very
154	DE-LRP	Threat	8	8.2	Invasive_and_other_problematic_species_and_genes	Problematic_native_species	Overabundant_populations_(Unzureichende_Bejagung_von_Reh-,_Rot-_und_Damwild)	4	3	2	2	3	2	4	1	1	1	10	2	2	2	6	World	Temperate	Very
155	DE-LRP	Threat	7	7.2	Natural_system_modifications	Dams_and_water_management/use	Water_body_maintanance,_straightening_of_rivers_and_streams	1	3	2	3	2	2	3	3	2	3	10	2	2	1	6	World	Temperate	Very
156	DE-LRP	Threat	7	7.1	Natural_system_modifications	Fire_and_fire_suppression	Forest_fires	1	3	4	2	3	2	3	2	1	2	10	2	2	1	6	World	Temperate	Very
157	DE-LRP	Threat	8	8.1	Invasive_and_other_problematic_species_and_genes	Invasive_non-native/alien_species	Exotic_species	1	3	3	2	3	2	4	1	1	1	10	2	3	2	6	World	Temperate	Very
158	DE-LRP	Threat	2	2.4	Agriculture_and_aquaculture	Marine_and_freshwater_aquaculture	Fishery	3	2	2	3	2	2	3	2	2	2	9	2	2	3	7	World	Temperate	Very
159	DE-LRP	Threat	2	2.1	Agriculture_and_aquaculture	Annual_and_perennial_nontimber_crops	Passing_over_with_heavy_machines	3	2	3	2	3	2	3	1	1	1	9	2	3	2	7	World	Temperate	Very
160	DE-LRP	Threat	2	2.1	Agriculture_and_aquaculture	Annual_and_perennial_nontimber_crops	Land_use_not_in_accordance_with_natural_soil_conditions_(Inkohärenz_von_Morphologie_und_Nutzung)	2	2	2	3	2	2	3	2	1	2	9	2	2	3	7	World	Temperate	Very
161	DE-LRP	Threat	9	9.1	Pollution	Household_sewage_and_urban_waste_water	Communal_discharge_of_residues	2	2	2	3	2	2	2	3	1	2	8	2	2	2	8	World	Temperate	Very
162	DE-LRP	Threat	3	3.3	Energy_production_and_mining	Renewable_energy	Hydroelectric_power_stations	1	1	1	3	1	1	2	3	1	2	6	1	1	1	9	World	Temperate	Very
163	DE-LRP	Threat	3	3.3	Energy_production_and_mining	Renewable_energy	Solar_farms	1	4	3	1	NA	2	4	NA	NA	NA	6	1	2	1	9	World	Temperate	Very
164	DE-AUE	Threat	8	8.1	Invasive_and_other_problematic_species_and_genes	Invasive_non-native/alien_species	Invasive_species_(Traubenkirsche)	2	4	4	1	4	4	4	3	2	3	15	4	3	3	1	World	Temperate	Very
165	DE-AUE	Threat	3	3.3	Energy_production_and_mining	Renewable_energy	Wind_mills_(in_forests)	3	3	4	1	4	4	4	1	2	2	14	4	2	3	2	World	Temperate	Very
166	DE-AUE	Threat	8	8.1	Invasive_and_other_problematic_species_and_genes	Invasive_non-native/alien_species	Invasive_species_(Waschbär,_Marderhund)	3	3	4	1	4	4	3	3	2	3	14	4	3	3	2	World	Temperate	Very
167	DE-AUE	Threat	8	8.1	Invasive_and_other_problematic_species_and_genes	Invasive_non-native/alien_species	Invasive_species	3	3	4	1	4	3	4	2	1	2	13	3	3	3	3	World	Temperate	Very
168	DE-AUE	Threat	11	11.1	Climate_change_and_severe_weather	Habitat_shifting_and_alteration	Local_climate_change	3	2	2	1	2	2	4	4	3	4	12	3	4	3	4	World	Temperate	Very
169	DE-AUE	Threat	2	2.1	Agriculture_and_aquaculture	Annual_and_perennial_nontimber_crops	Agricultural_land_use	3	3	3	2	3	3	3	1	2	3	12	3	4	2	4	World	Temperate	Very
170	DE-AUE	Threat	5	5.3	Biological_resource_use	Logging_and_wood_harvesting	Reduction_of_logging_cycle_of_trees_	2	2	3	2	3	2	4	3	2	3	12	3	2	2	4	World	Temperate	Very
171	DE-AUE	Threat	3	3.3	Energy_production_and_mining	Renewable_energy	Solar_farms	2	2	2	1	2	4	3	1	2	2	11	3	2	3	5	World	Temperate	Very
172	DE-AUE	Threat	3	3.2	Energy_production_and_mining	Mining_and_quarrying	Open-cast_gravel_mining	1	2	4	2	3	2	3	3	2	3	11	3	4	2	5	World	Temperate	Very
173	DE-AUE	Threat	4	4.2	Transportation_and_service_corridors	Utility_and_service_lines	Landlines	3	3	4	1	4	2	3	2	1	2	11	3	2	2	5	World	Temperate	Very
174	DE-AUE	Threat	1	1.2	Residential_and_commercial_development	Commercial_and_industrial_areas	Industrial_plants	1	3	3	2	3	2	3	3	2	3	11	3	4	2	5	World	Temperate	Very
175	DE-AUE	Threat	9	9.3	Pollution	Agricultural_and_forestry_effluents	Agrochemicals_(fertilizers)	3	3	4	1	4	3	3	1	1	1	11	3	4	3	5	World	Temperate	Very
176	DE-AUE	Threat	9	9.3	Pollution	Agricultural_and_forestry_effluents	Pesticides_(Agriculture)	3	3	3	1	3	3	3	2	1	2	11	3	4	3	5	World	Temperate	Very
177	DE-AUE	Threat	5	5.3	Biological_resource_use	Logging_and_wood_harvesting	Monocultures_of_homogenous_age_classes	2	2	3	3	3	2	3	3	2	3	11	3	2	2	5	World	Temperate	Very
178	DE-AUE	Threat	5	5.3	Biological_resource_use	Logging_and_wood_harvesting	Excessive_removal_of_dead_wood_(geringes_Belassen_von_Totholz)	2	2	3	3	3	2	4	2	1	2	11	3	2	2	5	World	Temperate	Very
179	DE-AUE	Threat	5	5.3	Biological_resource_use	Logging_and_wood_harvesting	Reduced_number_of_trees_on_forest_plots_(Stocking_levels)	2	2	3	2	3	2	3	3	2	3	11	3	2	2	5	World	Temperate	Very
180	DE-AUE	Threat	8	8.1	Invasive_and_other_problematic_species_and_genes	Invasive_non-native/alien_species	Exotic_species	2	2	3	3	3	2	4	2	1	2	11	3	2	2	5	World	Temperate	Very
181	DE-AUE	Threat	4	4.1	Transportation_and_service_corridors	Roads_and_railroads	Road_and_rail_road_construction_	2	3	4	2	3	2	3	1	2	2	10	2	3	2	6	World	Temperate	Very
182	DE-AUE	Threat	3	3.2	Energy_production_and_mining	Mining_and_quarrying	Open-cast_coal_mining	3	3	4	4	4	1	2	3	2	3	10	2	4	2	6	World	Temperate	Very
183	DE-AUE	Threat	9	9.3	Pollution	Agricultural_and_forestry_effluents	Pesticides_(Forestry)	2	3	4	2	3	2	4	1	1	1	10	2	2	2	6	World	Temperate	Very
184	DE-AUE	Threat	6	6.3	Human_intrusions_and_disturbance	Work_and_other_activities	Distrubance_by_forestry_activities	3	3	2	2	3	2	3	2	1	2	10	2	2	2	6	World	Temperate	Very
185	DE-AUE	Threat	7	7.2	Natural_system_modifications	Dams_and_water_management/use	Water_body_maintanance	3	3	3	3	3	2	3	1	1	1	9	2	2	2	7	World	Temperate	Very
186	DE-AUE	Threat	5	5.3	Biological_resource_use	Logging_and_wood_harvesting	Clear_cuts	2	2	3	4	3	1	3	2	1	2	9	2	2	2	7	World	Temperate	Very
187	DE-AUE	Threat	8	8.2	Invasive_and_other_problematic_species_and_genes	Problematic_native_species	Overabundant_populations_(überhöhte_Wildbestände)	4	3	3	3	3	2	2	2	2	2	9	2	2	2	7	World	Temperate	Very
188	DE-AUE	Threat	5	5.1	Biological_resource_use	Hunting_and_collecting_terrestrial_animals	Hunting	4	3	2	2	3	2	2	2	1	2	9	2	2	2	7	World	Temperate	Very
189	DE-AUE	Threat	6	6.1	Human_intrusions_and_disturbance	Recreational_activities	Disturbance_by_recreational_activities	2	2	2	1	2	2	3	2	1	2	9	2	2	2	7	World	Temperate	Very
190	DE-AUE	Threat	4	4.1	Transportation_and_service_corridors	Roads_and_railroads	Animal-tight_fences	3	3	2	3	3	1	2	2	1	2	8	2	2	1	8	World	Temperate	Very
191	DE-AUE	Threat	8	8.2	Invasive_and_other_problematic_species_and_genes	Problematic_native_species	Pathogene	1	1	1	1	1	3	3	1	1	1	8	2	4	4	8	World	Temperate	Very
192	DE-AUE	Threat	7	7.3	Natural_system_modifications	Other_ecosystem_modifications	Abandonment_of_forestery_plots_(Nicht-Nutzung_von_Forsten)	1	2	3	1	3	1	2	1	1	1	7	1	3	2	9	World	Temperate	Very
193	DE-AUE	Threat	4	4.1	Transportation_and_service_corridors	Roads_and_railroads	Fences_along_roads	1	2	1	1	1	2	3	1	1	1	7	1	3	2	9	World	Temperate	Very
194	DE-RAN	Threat	11	11.2	Climate_change_and_severe_weather	Droughts	Droughts	4	3	4	1	4	3	4	3	4	4	15	4	3	3	1	World	Temperate	Very
195	DE-RAN	Threat	11	11.4	Climate_change_and_severe_weather	Storms_and_flooding	Heavy_precipitation_events	4	3	4	1	4	3	4	3	2	3	14	4	4	3	2	World	Temperate	Very
196	DE-RAN	Threat	11	11.1	Climate_change_and_severe_weather	Habitat_shifting_and_alteration	Increase_of_mean_temperature	4	3	4	1	4	3	4	3	2	3	14	4	4	3	2	World	Temperate	Very
197	DE-RAN	Threat	11	11.3	Climate_change_and_severe_weather	Temperature_extremes	Heat_waves	4	3	4	1	4	3	4	3	2	3	14	4	3	3	2	World	Temperate	Very
198	DE-RAN	Threat	4	4.1	Transportation_and_service_corridors	Roads_and_railroads	Extension/_fastening_of_forest_roads	2	3	4	1	4	3	4	3	2	3	14	1	3	2	2	World	Temperate	Very
199	DE-RAN	Threat	8	8.1	Invasive_and_other_problematic_species_and_genes	Invasive_non-native/alien_species	Invasive_species	4	2	4	1	4	3	3	3	2	3	13	3	3	4	3	World	Temperate	Very
200	DE-RAN	Threat	11	11.1	Climate_change_and_severe_weather	Habitat_shifting_and_alteration	Solar_radiation	4	2	4	1	4	3	4	2	1	2	13	3	3	3	3	World	Temperate	Very
201	DE-RAN	Threat	11	11.4	Climate_change_and_severe_weather	Storms_and_flooding	Storms	4	1	4	2	4	2	4	3	2	3	13	3	4	4	3	World	Temperate	Very
202	DE-RAN	Threat	11	11.1	Climate_change_and_severe_weather	Habitat_shifting_and_alteration	Changes_in_precipitation_regime	4	3	4	1	4	3	4	2	1	2	13	3	4	3	3	World	Temperate	Very
203	DE-RAN	Threat	11	11.1_	Climate_change_and_severe_weather	Habitat_shifting_and_alteration	Changes_in_the_seasons_pattern_(Wet_and_warm_winters)	4	3	4	1	4	3	4	2	1	2	13	3	3	3	3	World	Temperate	Very
204	DE-RAN	Threat	9	9.5	Pollution	Air-borne_pollutants	Air_pollution	4	2	3	1	3	3	3	3	2	3	12	3	3	2	4	World	Temperate	Very
205	DE-RAN	Threat	4	4.1	Transportation_and_service_corridors	Roads_and_railroads	Installation_of_logging_trails	4	3	4	1	4	2	3	3	2	3	12	1	3	2	4	World	Temperate	Very
206	DE-RAN	Threat	7	7.1	Natural_system_modifications	Fire_and_fire_suppression	Forest_fires	1	3	4	2	3	2	3	3	3	3	11	3	2	1	5	World	Temperate	Very
207	DE-RAN	Threat	11	11.2	Climate_change_and_severe_weather	Droughts	Less_precipitation	4	3	4	1	4	1	3	3	3	3	11	3	4	4	5	World	Temperate	Very
208	DE-RAN	Threat	5	5.3	Biological_resource_use	Logging_and_wood_harvesting	Intense_logging_and_forestry_use	3	3	2	1	3	3	3	1	2	2	11	3	3	2	5	World	Temperate	Very
209	DE-RAN	Threat	4	4.1	Transportation_and_service_corridors	Roads_and_railroads	Traffic_infrastructure_(roads,_trains,_etc.)	2	2	4	1	3	2	3	3	2	3	11	3	2	1	5	World	Temperate	Very
210	DE-RAN	Threat	9	9.3	Pollution	Agricultural_and_forestry_effluents	Erosion	2	3	3	1	3	3	3	1	2	2	11	3	1	1	5	World	Temperate	Very
211	DE-RAN	Threat	7	7.2	Natural_system_modifications	Dams_and_water_management/use	Construction_of_horizontal_barriers,_weirs	2	3	2	2	3	2	3	3	1	2	10	2	1	1	6	World	Temperate	Very
212	DE-RAN	Threat	7	7.2	Natural_system_modifications	Dams_and_water_management/use	Increased_ground-water_consumption	2	3	1	3	2	2	4	2	1	2	10	2	1	2	6	World	Temperate	Very
213	DE-RAN	Threat	7	7.2	Natural_system_modifications	Dams_and_water_management/use	Drainage	4	4	3	1	4	2	2	2	2	2	10	2	2	1	6	World	Temperate	Very
214	DE-RAN	Threat	9	9.3	Pollution	Agricultural_and_forestry_effluents_	Agrochemicals_(fertilizers)	3	3	2	4	3	2	3	1	2	2	10	2	2	2	6	World	Temperate	Very
215	DE-RAN	Threat	2	2.1	Agriculture_and_aquaculture	Annual_and_perennial_nontimber_crops	Passing_over_arable_land_in_wet_conditions	3	3	2	1	3	3	3	1	0	1	10	2	2	2	6	World	Temperate	Very
216	DE-RAN	Threat	8	8.1	Invasive_and_other_problematic_species_and_genes	Invasive_non-native/alien_species	Exotic_species	3	4	4	3	4	2	2	2	2	2	10	2	2	1	6	World	Temperate	Very
217	DE-RAN	Threat	3	3.3	Energy_production_and_mining	Renewable_energy	Wind_mills_(Disturbance_and_collapsing_by_being_beat)	1	2	4	1	3	3	3	1	1	1	10	2	1	3	6	World	Temperate	Very
218	DE-RAN	Threat	5	5.3	Biological_resource_use	Logging_and_wood_harvesting	Deforestation/Clear_cuts	3	3	2	2	3	2	2	3	1	2	9	2	1	1	7	World	Temperate	Very
219	DE-RAN	Threat	7	7.2	Natural_system_modifications	Dams_and_water_management/use	Water_body_maintanance	4	3	1	3	3	1	2	3	2	3	9	2	1	1	7	World	Temperate	Very
220	DE-RAN	Threat	2	2.3	Agriculture_and_aquaculture	Livestock_farming_and_ranching	Lifestock_&_mowing	3	2	1	3	2	2	4	1	1	1	9	2	1	1	7	World	Temperate	Very
221	DE-RAN	Threat	2	2.1	Agriculture_and_aquaculture	Annual_and_perennial_nontimber_crops	Grassland_renewal_techniques_(sowing_of_grass)	3	2	1	3	2	2	4	1	1	1	9	2	1	1	7	World	Temperate	Very
222	DE-RAN	Threat	9	9.3_	Pollution	Agricultural_and_forestry_effluents	Grassland_renewal_techniques_(roundup)	3	2	1	3	2	2	4	1	1	1	9	2	1	1	7	World	Temperate	Very
223	DE-RAN	Threat	2	2.3	Agriculture_and_aquaculture	Livestock_farming_and_ranching	Low_grazing	1	4	2	1	3	2	2	2	1	2	9	2	1	1	7	World	Temperate	Very
224	DE-RAN	Threat	9	9.3	Pollution	Agricultural_and_forestry_effluents	Pesticides	3	3	2	4	3	2	3	1	1	1	9	2	2	3	7	World	Temperate	Very
225	DE-RAN	Threat	5	5.3	Biological_resource_use	Logging_and_wood_harvesting	Logging_(Forstry_use_of_groundwater_influenced_wet_forests)	3	2	2	2	3	2	2	1	2	2	9	2	2	1	7	World	Temperate	Very
226	DE-RAN	Threat	2	2.3	Agriculture_and_aquaculture	Livestock_farming_and_ranching	Overgrazing	4	3	3	2	4	2	2	1	1	1	9	2	2	2	7	World	Temperate	Very
227	DE-RAN	Threat	7	7.2	Natural_system_modifications	Dams_and_water_management/use	Straightening_of_rivers_and_streams_(past,_effects_until_now)	4	2	2	2	3	1	2	3	1	2	8	2	1	1	8	World	Temperate	Very
228	DE-RAN	Threat	7	7.2	Natural_system_modifications	Dams_and_water_management/use	Construction_of_standard_water_sections_(past,_effects_until_now)	4	3	1	2	3	1	2	3	1	2	8	2	1	1	8	World	Temperate	Very
229	DE-RAN	Threat	7	7.2	Natural_system_modifications	Dams_and_water_management/use	Piping_(past,_effects_until_now)	4	4	2	2	3	1	2	3	1	2	8	2	1	2	8	World	Temperate	Very
230	DE-RAN	Threat	2	2.1	Agriculture_and_aquaculture	Annual_and_perennial_nontimber_crops	Passing_over_with_heavy_machines	2	3	2	2	3	2	2	1	1	1	8	2	1	2	8	World	Temperate	Very
231	DE-RAN	Threat	7	7.2	Natural_system_modifications	Dams_and_water_management/use	Damming_for_ponds_(past,_effects_until_now)	1	3	1	2	2	1	2	3	1	2	7	1	1	2	9	World	Temperate	Very
232	DE-RAN	Threat	7	7.2	Natural_system_modifications	Dams_and_water_management/use	Construction_of_narrow_pipe-_or_channel-like_bridge_passages	1	2	3	3	3	1	1	3	1	2	7	1	2	1	9	World	Temperate	Very
233	DE-RAN	Threat	9	9.1	Pollution	Household_sewage_and_urban_waste_water	Communal_discharge_of_residues	2	2	2	3	2	2	1	3	1	2	7	1	2	1	9	World	Temperate	Very
234	RU-ALY	Threat	11	11.1	Climate_change_and_severe_weather	Habitat_shifting_and_alteration	Local_climate_change	3	2	2	1	3	4	3	4	4	4	14	4	3	1	1	World	Temperate	High
235	RU-ALY	Threat	11	11.1	Climate_change_and_severe_weather	Habitat_shifting_and_alteration	Retreat_of_glaciers	1	3	4	1	3	3	3	3	2	3	12	3	4	2	3	World	Temperate	High
236	RU-ALY	Threat	7	7.2	Natural_system_modifications	Dams_and_water_management/use	Change_in_the_hydrological_regime_of_streams_and_rivers	4	2	4	3	4	3	3	1	3	2	12	3	4	2	3	World	Temperate	High
237	RU-ALY	Threat	11	11.4	Climate_change_and_severe_weather	Storms_and_flooding	Floods	3	2	4	3	4	3	3	3	2	3	13	3	4	2	2	World	Temperate	High
238	RU-ALY	Threat	9	9.3	Pollution	Agricultural_and_forestry_effluents	Water_pollution	1	1	3	2	2	1	2	1	1	1	6	1	4	2	9	World	Temperate	High
239	RU-ALY	Threat	9	9.5	Pollution	Air-borne_pollutants	Air_pollution	2	1	4	2	3	2	4	2	1	2	11	3	4	3	4	World	Temperate	High
240	RU-ALY	Threat	9	9.4	Pollution	Garbage_and_solid_waste	Litter_pollution	3	2	2	1	3	4	3	3	2	3	13	3	1	1	2	World	Temperate	High
241	RU-ALY	Threat	7	7.1	Natural_system_modifications	Fire_and_fire_suppression	Fires	2	3	4	2	4	3	3	1	3	2	12	3	3	1	3	World	Temperate	High
242	RU-ALY	Threat	7	7.3	Natural_system_modifications	Other_ecosystem_modifications	Fences_(Linear_barrier_in_the_territory)	2	3	3	3	3	3	4	2	2	2	12	3	2	3	3	World	Temperate	High
243	RU-ALY	Threat	6	6.1	Human_intrusions_and_disturbance	Recreational_activities	Degradation_of_habitats_along_hiking_trails	1	3	2	1	2	4	3	3	3	3	12	3	2	1	3	World	Temperate	High
244	RU-ALY	Threat	2	2.3	Agriculture_and_aquaculture	Livestock_farming_and_ranching	Overgrazing	2	3	4	2	4	3	3	3	4	4	14	4	3	1	1	World	Temperate	High
245	RU-ALY	Threat	5	5.2	Biological_resource_use	Gathering_terrestrial_plants	Overexploitation_of_wild_raw_non-timber_materials	2	2	2	2	2	3	4	1	2	2	11	3	2	3	4	World	Temperate	High
246	RU-ALY	Threat	5	5.1	Biological_resource_use	Hunting_and_collecting_terrestrial_animals	Overexploitation_of_wild_animal_species	2	3	2	2	3	3	4	2	2	2	12	3	2	2	3	World	Temperate	High
247	RU-ALY	Threat	5	5.3	Biological_resource_use	Logging_and_wood_harvesting	Overharvesting_of_timber_resources	1	3	2	1	2	3	4	1	1	1	10	2	3	2	5	World	Temperate	High
248	RU-ALY	Threat	8	8.1	Invasive_and_other_problematic_species_and_genes	Invasive_non-native/alien_species	Exotic_species	1	3	2	1	2	3	3	1	1	1	9	2	3	2	6	World	Temperate	High
249	RU-ALY	Threat	8	8.2	Invasive_and_other_problematic_species_and_genes	Problematic_native_species	Pests	2	2	3	2	3	3	3	1	1	1	10	2	3	2	5	World	Temperate	High
250	RU-ALY	Threat	9	9.3	Pollution	Agricultural_and_forestry_effluents	Soil_degradation_(erosion)	1	2	3	2	3	2	2	1	1	1	8	2	2	2	7	World	Temperate	High
251	KZ-ALY	Threat	11	11.1	Climate_change_and_severe_weather	Habitat_shifting_and_alteration	Local_climate_change	3	2	3	1	3	3	3	4	4	4	13	3	3	4	1	World	Temperate	High
252	KZ-ALY	Threat	11	11.1	Climate_change_and_severe_weather	Habitat_shifting_and_alteration	Retreat_of_glaciers	1	3	4	1	3	2	2	3	2	3	10	2	4	4	3	World	Temperate	High
253	KZ-ALY	Threat	7	7.2	Natural_system_modifications	Dams_and_water_management/use	Change_in_the_hydrological_regime_of_streams_and_rivers	1	2	2	2	2	3	2	1	3	2	9	2	3	4	4	World	Temperate	High
254	KZ-ALY	Threat	11	11.4	Climate_change_and_severe_weather	Storms_and_flooding	Floods	1	1	1	2	1	2	3	3	2	3	9	2	3	2	4	World	Temperate	High
255	KZ-ALY	Threat	9	9.3	Pollution	Agricultural_and_forestry_effluents	Water_pollution	1	2	1	3	2	2	2	1	1	1	7	1	2	3	6	World	Temperate	High
256	KZ-ALY	Threat	9	9.5	Pollution	Air-borne_pollutants	Air_pollution	2	1	3	2	3	3	2	2	1	2	10	2	4	4	3	World	Temperate	High
257	KZ-ALY	Threat	9	9.4	Pollution	Garbage_and_solid_waste	Litter_pollution	1	1	2	1	2	2	3	3	2	3	10	2	1	1	3	World	Temperate	High
258	KZ-ALY	Threat	7	7.1	Natural_system_modifications	Fire_and_fire_suppression	Fires	1	3	3	2	3	2	2	1	3	2	9	2	3	3	4	World	Temperate	High
259	KZ-ALY	Threat	7	7.3	Natural_system_modifications	Other_ecosystem_modifications	Fences_(Linear_barrier_in_the_territory)	2	3	3	2	3	3	3	2	2	2	11	3	2	3	2	World	Temperate	High
260	KZ-ALY	Threat	6	6.1	Human_intrusions_and_disturbance	Recreational_activities	Degradation_of_habitats_along_hiking_trails	1	1	1	1	1	2	2	3	3	3	8	2	2	2	5	World	Temperate	High
261	KZ-ALY	Threat	2	2.3	Agriculture_and_aquaculture	Livestock_farming_and_ranching	Overgrazing	2	3	3	2	3	2	2	3	4	4	11	3	2	3	2	World	Temperate	High
262	KZ-ALY	Threat	5	5.2	Biological_resource_use	Gathering_terrestrial_plants	Overexploitation_of_wild_raw_non-timber_materials	2	2	2	2	2	2	2	1	2	2	8	2	2	3	5	World	Temperate	High
263	KZ-ALY	Threat	5	5.1	Biological_resource_use	Hunting_and_collecting_terrestrial_animals	Overexploitation_of_wild_animal_species	2	2	2	2	2	2	2	2	2	2	8	2	2	2	5	World	Temperate	High
264	KZ-ALY	Threat	5	5.3	Biological_resource_use	Logging_and_wood_harvesting	Overharvesting_of_timber_resources	1	2	2	3	2	3	3	1	1	1	9	2	2	2	4	World	Temperate	High
265	KZ-ALY	Threat	8	8.1	Invasive_and_other_problematic_species_and_genes	Invasive_non-native/alien_species	Exotic_species	1	2	3	2	3	2	2	1	1	1	8	2	3	3	5	World	Temperate	High
266	KZ-ALY	Threat	8	8.2	Invasive_and_other_problematic_species_and_genes	Problematic_native_species	Pests	1	2	2	2	2	2	3	1	1	1	8	2	2	1	5	World	Temperate	High
267	KZ-ALY	Threat	9	9.3	Pollution	Agricultural_and_forestry_effluents	Soil_degradation_(erosion)	1	2	3	2	3	3	3	1	1	1	10	2	2	3	4	World	Temperate	High
268	EC-SIE	Threat	11	11.2	Climate_change_and_severe_weather	Droughts	Droughts	4	4	4	1	4	4	4	3	2	3	15	4	4	4	1	Amazon	Tropics	High
269	EC-SIE	Threat	11	11.4	Climate_change_and_severe_weather	Storms_and_flooding	Heavy_precipitation_events	4	4	4	1	4	4	4	2	1	2	14	4	4	4	2	Amazon	Tropics	High
270	EC-SIE	Threat	11	11.2	Climate_change_and_severe_weather	Droughts	Lack_of_rain	4	4	4	1	4	4	4	1	1	1	13	3	4	3	3	Amazon	Tropics	High
271	EC-SIE	Threat	11	11.1	Climate_change_and_severe_weather	Habitat_shifting_and_alteration	Increase_of_mean_temperature	4	3	4	1	4	3	3	3	2	3	13	3	4	3	3	Amazon	Tropics	High
272	EC-SIE	Threat	11	11.3	Climate_change_and_severe_weather	Temperature_extremes	Extreme_temperature_variation	4	3	4	1	4	3	3	2	1	2	12	3	4	4	4	Amazon	Tropics	High
273	EC-SIE	Threat	7	7.1	Natural_system_modifications	Fire_and_fire_suppression	Fires_(in_the_Páramo)	2	4	3	1	3	3	3	3	2	3	12	3	3	2	4	Amazon	Tropics	High
274	EC-SIE	Threat	5	5.2	Biological_resource_use	Gathering_terrestrial_plants	Overexploitation_of_wild_raw_non-timber_materials	4	4	4	1	4	4	1	3	2	3	12	3	3	3	4	Amazon	Tropics	High
275	EC-SIE	Threat	8	8.1	Invasive_and_other_problematic_species_and_genes	Invasive_non-native/alien_species	Invasive_species	4	3	4	1	4	2	2	3	2	3	11	3	3	2	5	Amazon	Tropics	High
276	EC-SIE	Threat	7	7.2	Natural_system_modifications	Dams_and_water_management/use	Reduction_of_river_flow_rates	4	3	4	1	4	3	3	1	1	1	11	3	3	2	5	Amazon	Tropics	High
277	EC-SIE	Threat	9	9.3	Pollution	Agricultural_and_forestry_effluents	Erosion	4	4	3	1	4	3	2	1	2	2	11	3	3	2	5	Amazon	Tropics	High
278	EC-SIE	Threat	10	10.3	Geological_events	Avalanches/landslides	Landslides	4	4	3	1	4	3	2	1	2	2	11	3	3	2	5	Amazon	Tropics	High
279	EC-SIE	Threat	5	5.3	Biological_resource_use	Logging_and_wood_harvesting	Deforestation	4	4	3	3	4	2	2	3	3	3	11	3	2	2	5	Amazon	Tropics	High
280	EC-SIE	Threat	5	5.1	Biological_resource_use	Hunting_and_collecting_terrestrial_animals	Overhunting	4	4	4	3	4	4	1	1	2	2	11	3	3	3	5	Amazon	Tropics	High
281	EC-SIE	Threat	8	8.2	Invasive_and_other_problematic_species_and_genes	Problematic_native_species	Pests	2	2	3	1	3	3	2	1	1	1	9	2	3	3	6	Amazon	Tropics	High
282	EC-SIE	Threat	9	9.2	Pollution	Industrial_and_military_effluents	Discharge_of_heavy_metals_and_other_toxins	2	4	1	1	2	3	3	1	1	1	9	2	3	3	6	Amazon	Tropics	High
283	EC-SIE	Threat	9	9.4	Pollution	Garbage_and_solid_waste	Garbage_and_solid_waste	2	4	1	1	2	3	3	1	1	1	9	2	3	3	6	Amazon	Tropics	High
284	EC-SIE	Threat	5	5.3	Biological_resource_use	Logging_and_wood_harvesting	Selective_logging_(of_palm_tress_for_cultural_and_religious_purposes)	2	4	3	1	3	2	2	2	1	2	9	2	3	2	6	Amazon	Tropics	High
285	EC-SIE	Threat	5	5.3	Biological_resource_use	Logging_and_wood_harvesting	Selective_logging	2	2	3	3	3	2	1	1	1	1	7	2	3	3	7	Amazon	Tropics	High
286	EC-SIE	Threat	5	5.1	Biological_resource_use	Hunting_and_collecting_terrestrial_animals	Hunting	1	2	2	3	2	1	1	2	1	2	6	2	3	3	8	Amazon	Tropics	High
287	KR-BDA	Threat	9	9.2	Pollution	Industrial_and_military_effluents	Groundwater_pollution_(Mining)	4	4	3	3	4	2	2	NA	NA	1	9	2	3	1	2	World	Temperate	Very
288	KR-BDA	Threat	9	9.1	Pollution	Household_sewage_and_urban_waste_water	Discharge_of_waste_water_into_rivers	2	3	3	1	3	2	3	NA	NA	1	9	2	2	1	2	World	Temperate	Very
289	KR-BDA	Threat	9	9.3	Pollution	Agricultural_and_forestry_effluents	Soil_erosion	2	3	4	1	4	2	3	NA	NA	1	10	2	2	1	1	World	Temperate	Very
290	KR-BDA	Threat	7	7.2	Natural_system_modifications	Dams_and_water_management/use	Changes_of_natural_river_beds	1	2	4	2	3	2	3	NA	NA	1	9	2	2	1	2	World	Temperate	Very
291	KR-BDA	Threat	8	8.1	Invasive_and_other_problematic_species_and_genes	Invasive_non-native/alien_species	Invasive_species	1	4	4	2	4	2	3	NA	NA	1	10	2	3	1	1	World	Temperate	Very
292	KR-BDA	Threat	5	5.1	Biological_resource_use	Hunting_and_collecting_terrestrial_animals	Illegal_hunting/poaching	1	4	4	3	4	2	2	NA	NA	1	9	2	1	1	2	World	Temperate	Very
293	KR-BDA	Threat	5	5.1	Biological_resource_use	Hunting_and_collecting_terrestrial_animals	Hunting_(Bird_kill)	1	1	1	1	1	2	3	NA	NA	1	7	1	3	1	3	World	Temperate	Very
294	KR-BDA	Threat	5	5.3	Biological_resource_use	Logging_and_wood_harvesting	Deforestation/Clear_cuts	2	3	3	2	3	2	4	NA	NA	1	10	2	2	1	1	World	Temperate	Very
295	KR-BDA	Threat	11	11.4	Climate_change_and_severe_weather	Storms_and_flooding	Increase_of_extreme_weather_events_(e.g._typhoons)	3	3	4	2	4	3	3	NA	NA	1	11	2	3	1		World	Temperate	Very
296	KR-BDA	Threat	4	4.1	Transportation_and_service_corridors	Roads_and_railroads	Road_kill	1	2	3	1	3	2	3	NA	NA	1	9	2	2	2		World	Temperate	Very
297	PE-ACR	Threat	11	11.1	Climate_change_and_severe_weather	Habitat_shifting_and_alteration	Changes_in_the_seasons_pattern	4	2	4	1	4	3	4	4	4	4	15	4	4	2	1	Amazon	Tropics	High
298	PE-ACR	Threat	11	11.2	Climate_change_and_severe_weather	Droughts	Lack_of_rain	4	2	4	1	4	3	4	3	3	3	14	4	4	3	2	Amazon	Tropics	High
299	PE-ACR	Threat	11	11.3	Climate_change_and_severe_weather	Temperature_extremes	Extreme_temperatures_(high)	4	3	4	1	4	3	3	3	3	3	13	3	4	2	3	Amazon	Tropics	High
300	PE-ACR	Threat	5	5.3	Biological_resource_use	Logging_and_wood_harvesting	Deforestation	3	4	4	1	4	3	3	1	4	3	13	3	2	2	3	Amazon	Tropics	High
301	PE-ACR	Threat	11	11.4	Climate_change_and_severe_weather	Storms_and_flooding	Heavy_precipitation_events	4	1	4	1	4	3	4	2	1	2	13	3	4	2	3	Amazon	Tropics	High
302	PE-ACR	Threat	5	5.3	Biological_resource_use	Logging_and_wood_harvesting	Overharvesting_of_timber_resources	2	3	3	3	3	1	1	3	3	3	8	2	2	1	4	Amazon	Tropics	High
303	PE-ACR	Threat	5	5.1	Biological_resource_use	Hunting_and_collecting_terrestrial_animals	Overhunting	3	2	2	4	3	1	2	2	2	2	8	2	2	2	4	Amazon	Tropics	High
304	PE-ACR	Threat	5	5.1	Biological_resource_use	Hunting_and_collecting_terrestrial_animals	Hunting_(Predeator_erradication)	1	2	2	1	2	2	1	3	2	3	8	2	3	2	4	Amazon	Tropics	High
305	PE-ACR	Threat	8	8.1	Invasive_and_other_problematic_species_and_genes	Invasive_non-native/alien_species	Invasive_species	1	1	1	1	1	2	3	1	2	2	8	2	NA	NA	4	Amazon	Tropics	High
306	PE-ACR	Threat	7	7.1	Natural_system_modifications	Fire_and_fire_suppression	Forest_fires	1	1	2	4	2	1	1	4	4	4	8	2	3	2	4	Amazon	Tropics	High
307	PE-ACR	Threat	6	6.1	Human_intrusions_and_disturbance	Recreational_activities	Noise_pollution	4	1	2	3	3	1	1	1	2	2	7	1	2	3	5	Amazon	Tropics	High
308	PE-ACR	Threat	6	6.3	Human_intrusions_and_disturbance	Work_and_other_activities	Noise_pollution	4	1	2	3	3	1	1	1	2	2	7	1	2	3	5	Amazon	Tropics	High
309	PE-ACR	Threat	5	5.4	Biological_resource_use	Fishing_and_harvesting_aquatic_resources	Overfishing	2	2	1	4	2	1	1	2	2	2	6	1	1	2	6	Amazon	Tropics	High
310	PE-ACR	Threat	9	9.3	Pollution	Agricultural_and_forestry_effluents	Agrochemicals	1	1	2	3	2	1	1	1	2	2	6	1	3	3	6	Amazon	Tropics	High
311	PE-ACR	Threat	9	9.4	Pollution	Garbage_and_solid_waste	Garbage_and_solid_waste	1	1	2	3	2	1	1	1	2	2	6	1	3	3	6	Amazon	Tropics	High
312	PE-ACR	Threat	9	9.2	Pollution	Industrial_and_military_effluents	Discharge_of_heavy_metals_and_other_toxins	1	1	2	3	2	1	1	1	2	2	6	1	3	3	6	Amazon	Tropics	High
313	PE-PIN	Threat	11	11.4	Climate_change_and_severe_weather	Storms_and_flooding	Heavy_precipitation_events	NA	NA	NA	1	4	4	4	3	3	3	15	4	NA	NA	1	Amazon	Tropics	High
314	PE-PIN	Threat	11	11.2	Climate_change_and_severe_weather	Droughts	Droughts	NA	NA	NA	1	4	4	4	3	3	3	15	4	NA	NA	1	Amazon	Tropics	High
315	PE-PIN	Threat	5	5.3	Biological_resource_use	Logging_and_wood_harvesting	Deforestation	NA	NA	NA	3	3	4	4	1	4	3	14	4	NA	NA	2	Amazon	Tropics	High
316	PE-PIN	Threat	11	11.2	Climate_change_and_severe_weather	Droughts	Lack_of_rain	NA	NA	NA	1	4	4	4	2	2	2	14	4	NA	NA	2	Amazon	Tropics	High
317	PE-PIN	Threat	11	11.3	Climate_change_and_severe_weather	Temperature_extremes	Increase_of_temperature_maxima	NA	NA	NA	1	3	4	4	3	2	3	14	4	NA	NA	2	Amazon	Tropics	High
318	PE-PIN	Threat	11	11.2	Climate_change_and_severe_weather	Droughts	Dry_up_of_creeks	NA	NA	NA	1	4	4	4	2	2	2	14	4	NA	NA	2	Amazon	Tropics	High
319	PE-PIN	Threat	11	11.4	Climate_change_and_severe_weather	Storms_and_flooding	Floods	NA	NA	NA	1	3	4	4	3	3	3	14	4	NA	NA	2	Amazon	Tropics	High
320	PE-PIN	Threat	10	10.3	Geological_events	Avalanches/landslides	Landslides	NA	NA	NA	1	3	4	4	2	3	3	14	4	NA	NA	2	Amazon	Tropics	High
321	PE-PIN	Threat	5	5.1	Biological_resource_use	Hunting_and_collecting_terrestrial_animals	Overhunting	NA	NA	NA	1	4	4	4	1	1	1	13	3	NA	NA	3	Amazon	Tropics	High
322	PE-PIN	Threat	2	2.3	Agriculture_and_aquaculture	Livestock_farming_and_ranching	Overgrazing	NA	NA	NA	2	3	4	4	1	2	2	13	3	NA	NA	3	Amazon	Tropics	High
323	PE-PIN	Threat	5	5.4	Biological_resource_use	Fishing_and_harvesting_aquatic_resources	Overfishing	NA	NA	NA	1	4	4	4	1	1	1	13	3	NA	NA	3	Amazon	Tropics	High
324	PE-PIN	Threat	7	7.1	Natural_system_modifications	Fire_and_fire_suppression	Forest_fires	NA	NA	NA	2	3	4	4	1	3	2	13	3	NA	NA	3	Amazon	Tropics	High
325	PE-PIN	Threat	9	9.3	Pollution	Agricultural_and_forestry_effluents	Agrochemicals	NA	NA	NA	1	3	4	4	1	2	2	13	3	NA	NA	3	Amazon	Tropics	High
326	PE-PIN	Threat	11	11.1	Climate_change_and_severe_weather	Habitat_shifting_and_alteration	Increased_variability_of_the_climate	NA	NA	NA	1	2	3	4	4	4	4	13	3	NA	NA	3	Amazon	Tropics	High
327	PE-PIN	Threat	5	5.3	Biological_resource_use	Logging_and_wood_harvesting	Overharvesting_of_timber_resources	NA	NA	NA	2	3	4	4	1	1	1	12	3	NA	NA	4	Amazon	Tropics	High
328	PE-PIN	Threat	11	11.1	Climate_change_and_severe_weather	Habitat_shifting_and_alteration	Solar_radiation	NA	NA	NA	1	2	3	4	3	2	3	12	3	NA	NA	4	Amazon	Tropics	High
329	PE-PIN	Threat	9	9.3	Pollution	Agricultural_and_forestry_effluents	Erosion	NA	NA	NA	1	3	4	4	1	1	1	12	3	NA	NA	4	Amazon	Tropics	High
330	PE-PIN	Threat	8	8.2	Invasive_and_other_problematic_species_and_genes	Problematic_native_species	Pests_and_diseases	NA	NA	NA	1	2	3	4	1	2	2	11	3	NA	NA	5	Amazon	Tropics	High
331	PE-PIN	Threat	11	11.3	Climate_change_and_severe_weather	Temperature_extremes	Heat_waves	NA	NA	NA	1	2	3	4	2	2	2	11	3	NA	NA	5	Amazon	Tropics	High
332	PE-PIN	Threat	11	11.3	Climate_change_and_severe_weather	Temperature_extremes	Longer_and_intenser_cold_spells_	NA	NA	NA	1	2	2	4	1	1	1	9	2	NA	NA	6	Amazon	Tropics	High
333	CO-GUA	Threat	11	11.2	Climate_change_and_severe_weather	Droughts	Droughts	4	3	4	1	4	3	4	4	4	4	15	4	4	1	1	LatAm	Tropics	High
334	CO-GUA	Threat	11	11.4	Climate_change_and_severe_weather	Storms_and_flooding	Heavy_precipitation_events	4	3	4	1	4	3	4	3	2	3	14	4	4	1	2	LatAm	Tropics	High
335	CO-GUA	Threat	11	11.1	Climate_change_and_severe_weather	Habitat_shifting_and_alteration	Increase_of_mean_temperature_	4	3	4	1	4	3	4	3	3	3	14	4	4	1	2	LatAm	Tropics	High
336	CO-GUA	Threat	9	9.2	Pollution	Industrial_and_military_effluents	Discharge_of_heavy_metals_	1	4	4	1	4	4	3	3	2	3	14	4	4	1	2	LatAm	Tropics	High
337	CO-GUA	Threat	11	11.1	Climate_change_and_severe_weather	Habitat_shifting_and_alteration	Sea_level_rise	1	3	4	1	3	3	4	3	2	3	13	3	4	1	3	LatAm	Tropics	High
338	CO-GUA	Threat	11	11.1	Climate_change_and_severe_weather	Habitat_shifting_and_alteration	Changes_of_the_seasons_pattern_(Increased_duration_of_stormy_season)	4	2	4	1	4	3	4	2	1	2	13	3	4	1	3	LatAm	Tropics	High
339	CO-GUA	Threat	11	11.4_	Climate_change_and_severe_weather	Storms_and_flooding	Changes_of_the_seasons_pattern_(Increased_duration_of_stormy_season)	4	2	4	1	4	3	4	2	1	2	13	3	4	1	3	LatAm	Tropics	High
340	CO-GUA	Threat	5	5.3	Biological_resource_use	Logging_and_wood_harvesting	Selective_logging	4	4	3	4	4	4	3	1	2	2	13	3	3	1	3	LatAm	Tropics	High
341	CO-GUA	Threat	7	7.2	Natural_system_modifications	Dams_and_water_management/use	Increased_superficial_water_run_off	3	4	4	1	4	4	3	1	3	2	13	3	3	3	3	LatAm	Tropics	High
342	CO-GUA	Threat	5	5.1	Biological_resource_use	Hunting_and_collecting_terrestrial_animals	Hunting/Capturing_of_life_animals	4	3	3	4	4	3	2	2	2	2	11	3	3	1	4	LatAm	Tropics	High
343	CO-GUA	Threat	7	7.2	Natural_system_modifications	Dams_and_water_management/use	Inadequate_management_of_rivers_and_streams_(Manejo_(inadecuado)_de_los_afluentes)	4	3	1	4	3	4	2	1	2	2	11	3	4	1	4	LatAm	Tropics	High
344	CO-GUA	Threat	9	9.4	Pollution	Garbage_and_solid_waste	Garbage_and_solid_waste	4	3	3	4	4	4	2	1	1	1	11	3	3	1	4	LatAm	Tropics	High
345	CO-GUA	Threat	7	7.2	Natural_system_modifications	Dams_and_water_management/use	Inadequate_management_of_ground_water_(Manejo_(inadecuado)_de_aguas_subterráneas)	1	2	4	1	3	3	2	3	2	3	11	3	1	3	4	LatAm	Tropics	High
346	CO-GUA	Threat	7	7.2	Natural_system_modifications	Dams_and_water_management/use	Inadequate_management_of_irrigation_systems_	3	3	3	4	3	4	2	1	1	1	10	3	2	2	5	LatAm	Tropics	High
347	CO-GUA	Threat	9	9.1	Pollution	Household_sewage_and_urban_waste_water	Discharge_of_waste_water_into_rivers	3	4	1	4	3	4	2	1	1	1	10	3	2	2	5	LatAm	Tropics	High
348	CO-GUA	Threat	7	7.1	Natural_system_modifications	Fire_and_fire_suppression	Agricultural_fires	2	4	3	4	3	2	1	3	2	3	9	2	2	2	6	LatAm	Tropics	High
349	CO-GUA	Threat	2	2.3	Agriculture_and_aquaculture	Livestock_farming_and_ranching	Grazing_within_the_forest	3	2	2	4	3	2	1	2	3	3	9	2	2	1	6	LatAm	Tropics	High
350	CO-GUA	Threat	5	5.3	Biological_resource_use	Logging_and_wood_harvesting	Charcoal_production	4	4	3	4	4	2	1	1	2	2	9	2	2	1	6	LatAm	Tropics	High
351	CO-GUA	Threat	8	8.1	Invasive_and_other_problematic_species_and_genes	Invasive_non-native/alien_species	Invasive_species	1	2	2	1	2	4	2	1	1	1	9	2	4	1	6	LatAm	Tropics	High
352	CO-GUA	Threat	2	2.3	Agriculture_and_aquaculture	Livestock_farming_and_ranching	Overgrazing	2	2	2	1	2	2	2	3	3	3	9	2	2	1	6	LatAm	Tropics	High
353	CO-GUA	Threat	9	9.3	Pollution	Agricultural_and_forestry_effluents	Agrochemicals	4	4	3	4	4	2	1	1	2	2	9	2	4	1	6	LatAm	Tropics	High
354	CO-GUA	Threat	5	5.3	Biological_resource_use	Logging_and_wood_harvesting	Deforestation/Clear_cuts	2	4	3	4	3	2	1	1	2	2	8	2	3	1	7	LatAm	Tropics	High
355	CO-GUA	Threat	7	7.1	Natural_system_modifications	Fire_and_fire_suppression	Forest_fires	1	4	1	4	2	2	1	1	3	2	7	1	3	1	8	LatAm	Tropics	High
356	CO-GUA	Threat	7	7.2	Natural_system_modifications	Dams_and_water_management/use	Illegal_water_extraction	4	3	2	4	3	2	1	1	1	1	7	1	3	2	8	LatAm	Tropics	High
357	CO-GUA	Threat	2	2.1	Agriculture_and_aquaculture	Annual_and_perennial_nontimber_crops	Unapropriate_crops_for_the_natural_conditions	1	1	3	4	2	2	1	1	3	2	7	1	3	1	8	LatAm	Tropics	High
358	CO-TOL	Threat	11	11.1	Climate_change_and_severe_weather	Habitat_shifting_and_alteration	Increase_in_the_frequency_of_ENSO_events	4	4	4	1	4	4	4	3	3	3	15	4	4	2	1	LatAm	Tropics	High
359	CO-TOL	Threat	11	11.1	Climate_change_and_severe_weather	Habitat_shifting_and_alteration	Increased_variability_of_the_climate_(includig_extreme_weather_events)	4	2	4	3	4	3	4	4	4	4	15	4	4	2	1	LatAm	Tropics	High
360	CO-TOL	Threat	11	11.2	Climate_change_and_severe_weather	Droughts	Droughts	2	3	3	3	3	3	4	4	4	4	14	4	4	2	2	LatAm	Tropics	High
361	CO-TOL	Threat	11	11.1	Climate_change_and_severe_weather	Habitat_shifting_and_alteration	Increase_of_mean_temperature_	2	4	3	3	3	3	4	4	4	4	14	4	3	2	2	LatAm	Tropics	High
362	CO-TOL	Threat	11	11.1	Climate_change_and_severe_weather	Habitat_shifting_and_alteration	Changes_in_precipitation_regime	2	3	4	2	3	3	4	4	4	4	14	4	4	2	2	LatAm	Tropics	High
363	CO-TOL	Threat	2	2.1	Agriculture_and_aquaculture	Annual_and_perennial_nontimber_crops	Agrochemicals	2	4	3	4	3	4	4	2	2	2	13	3	3	2	3	LatAm	Tropics	High
364	CO-TOL	Threat	7	7.2	Natural_system_modifications	Dams_and_water_management/use	Ilegal_water_extraction	4	3	2	4	3	4	4	2	2	2	13	3	3	3	3	LatAm	Tropics	High
365	CO-TOL	Threat	5	5.3	Biological_resource_use	Logging_and_wood_harvesting	Deforestation	2	3	3	3	3	3	3	4	4	3	12	3	1	2	4	LatAm	Tropics	High
366	CO-TOL	Threat	8	8.1	Invasive_and_other_problematic_species_and_genes	Invasive_non-native/alien_species	Invasive_species	2	3	3	2	3	3	3	3	3	3	12	3	3	2	4	LatAm	Tropics	High
367	CO-TOL	Threat	10	10.3	Geological_events	Avalanches/landslides	Landslides	2	3	4	2	3	3	3	3	3	3	12	3	1	3	4	LatAm	Tropics	High
368	CO-TOL	Threat	7	7.3	Natural_system_modifications	Other_ecosystem_modifications	Soil_compaction_	4	4	3	2	4	3	2	2	2	2	11	3	2	3	5	LatAm	Tropics	High
369	CO-TOL	Threat	11	11.4	Climate_change_and_severe_weather	Storms_and_flooding	Floods	2	3	4	1	3	3	3	2	2	2	11	3	3	3	5	LatAm	Tropics	High
370	CO-TOL	Threat	9	9.3	Pollution	Agricultural_and_forestry_effluents	Soil_erosion	2	4	3	2	3	3	3	2	2	2	11	3	1	3	5	LatAm	Tropics	High
371	CO-TOL	Threat	7	7.1	Natural_system_modifications	Fire_and_fire_suppression	Forest_fires	2	4	2	2	3	3	3	3	3	2	11	3	2	2	5	LatAm	Tropics	High
372	CO-TOL	Threat	9	9.3	Pollution	Agricultural_and_forestry_effluents	Sedimentation	4	4	3	1	4	3	2	1	1	1	10	2	3	3	6	LatAm	Tropics	High
373	CO-TOL	Threat	9	9.1	Pollution	Household_sewage_and_urban_waste_water	Discharge_of_waste_water_into_rivers	2	4	3	4	3	3	3	1	1	1	10	2	1	2	6	LatAm	Tropics	High
374	CO-TOL	Threat	7	7.1	Natural_system_modifications	Fire_and_fire_suppression	Agricultural_fires	2	3	2	3	2	3	2	4	4	3	10	2	3	3	6	LatAm	Tropics	High
375	CO-TOL	Threat	9	9.2	Pollution	Industrial_and_military_effluents	Discharge_of_heavy_metals_and_other_toxins	1	4	4	1	4	3	1	2	2	2	10	2	2	3	6	LatAm	Tropics	High
376	CO-TOL	Threat	7	7.2	Natural_system_modifications	Dams_and_water_management/use	Changes_of_natural_river_beds	2	4	3	2	3	2	2	2	2	2	9	2	3	2	7	LatAm	Tropics	High
377	CO-TOL	Threat	5	5.1	Biological_resource_use	Hunting_and_collecting_terrestrial_animals	Hunting	2	2	2	4	2	3	2	1	1	1	8	2	1	3	8	LatAm	Tropics	High
378	CO-TOL	Threat	5	5.3	Biological_resource_use	Logging_and_wood_harvesting	Logging	4	4	3	3	4	1	1	2	2	2	8	2	3	2	8	LatAm	Tropics	High
379	CO-TOL	Threat	8	8.2	Invasive_and_other_problematic_species_and_genes	Problematic_native_species	Malaria,_dengue_y_mal_de_chagas	2	2	2	2	2	3	1	1	1	1	7	1	2	1	9	LatAm	Tropics	High
380	GE-DED	Threat	11	11.3	Climate_change_and_severe_weather	Temperature_extremes	Heat_waves	4	4	4	1	4	3	4	4	4	4	15	4	4	1	1	World	Temperate	High
381	GE-DED	Threat	11	11.2	Climate_change_and_severe_weather	Droughts	Droughts	4	4	4	1	4	3	4	4	4	4	15	4	4	2	1	World	Temperate	High
382	GE-DED	Threat	11	11.1	Climate_change_and_severe_weather	Habitat_shifting_and_alteration	Changes_in_precipitation_regime	3	4	4	1	4	3	4	4	4	4	15	4	4	2	1	World	Temperate	High
383	GE-DED	Threat	2	2.3	Agriculture_and_aquaculture	Livestock_farming_and_ranching	Overgrazing	4	4	3	1	4	3	3	2	4	3	13	3	2	2	2	World	Temperate	High
384	GE-DED	Threat	7	7.2	Natural_system_modifications	Dams_and_water_management/use	Change_in_the_hydrological_regime_of_streams_and_rivers	2	2	3	1	3	3	4	1	2	2	12	3	3	2	3	World	Temperate	High
385	GE-DED	Threat	11	11.4	Climate_change_and_severe_weather	Storms_and_flooding	Strong_winds	3	4	2	1	3	3	3	3	3	3	12	3	3	2	3	World	Temperate	High
386	GE-DED	Threat	8	8.2	Invasive_and_other_problematic_species_and_genes	Problematic_native_species	Decrease_of_predators_of_mice_	2	4	4	1	4	3	3	1	2	2	12	3	3	3	3	World	Temperate	High
387	GE-DED	Threat	7	7.1	Natural_system_modifications	Fire_and_fire_suppression	Fires	2	3	1	2	2	2	2	3	4	4	10	2	1	3	4	World	Temperate	High
388	GE-DED	Threat	8	8.1	Invasive_and_other_problematic_species_and_genes	Invasive_non-native/alien_species	Invasive_species	1	1	1	1	1	3	3	3	2	3	10	2	3	3	4	World	Temperate	High
389	GE-DED	Threat	9	9.2	Pollution	Industrial_and_military_effluents	Water_pollution_(mining)	3	2	3	1	3	3	3	1	1	1	10	2	3	3	4	World	Temperate	High
390	GE-DED	Threat	10	10.3	Geological_events	Avalanches/landslides	Landslides	1	2	4	1	3	2	3	1	1	1	9	2	3	3	5	World	Temperate	High
391	GE-DED	Threat	10	10.3	Geological_events	Avalanches/landslides	Mudflow	1	2	4	1	3	2	3	1	1	1	9	2	3	2	5	World	Temperate	High
392	GE-DED	Threat	5	5.3	Biological_resource_use	Logging_and_wood_harvesting	Illegal_cutting_of_forest	2	4	1	4	2	2	3	1	2	2	9	2	2	2	5	World	Temperate	High
393	GE-DED	Threat	2	2.1_	Agriculture_and_aquaculture	Annual_and_perennial_nontimber_crops	Lack_of_fertilizer	4	2	1	1	2	3	3	1	1	1	9	2	1	3	5	World	Temperate	High
394	GE-DED	Threat	8	8.2_	Invasive_and_other_problematic_species_and_genes	Problematic_native_species	Lack_of_poison,_pesticides	4	1	1	1	2	3	3	1	1	1	9	2	1	3	5	World	Temperate	High
395	GE-DED	Threat	8	8.1	Invasive_and_other_problematic_species_and_genes	Invasive_non-native/alien_species	Diseases_(and_occurrence_of_new_ones)	3	2	1	2	2	3	2	2	2	2	9	2	3	2	5	World	Temperate	High
396	GE-DED	Threat	8	8.2	Invasive_and_other_problematic_species_and_genes	Problematic_native_species	Diseases_	3	2	1	2	2	3	2	2	2	2	9	2	3	2	5	World	Temperate	High
397	GE-DED	Threat	2	2.3	Agriculture_and_aquaculture	Livestock_farming_and_ranching	Undergrazing_at_Vashlovani	1	1	1	1	1	3	2	2	2	2	8	2	2	2	6	World	Temperate	High
398	GE-DED	Threat	9	9.5	Pollution	Air-borne_pollutants	Air_pollution	1	1	1	1	1	3	3	1	1	1	8	2	3	3	6	World	Temperate	High
399	GE-DED	Threat	5	5.1	Biological_resource_use	Hunting_and_collecting_terrestrial_animals	Overhunting_	2	2	1	1	2	2	1	3	3	3	8	2	1	3	6	World	Temperate	High
400	GE-DED	Threat	7	7.3	Natural_system_modifications	Other_ecosystem_modifications	Destroying_of_windbreaks	4	4	2	4	3	1	1	1	2	2	7	1	1	1	7	World	Temperate	High
401	GE-DED	Threat	7	7.2	Natural_system_modifications	Dams_and_water_management/use	Water_logging	1	1	1	1	1	1	1	3	2	3	6	1	3	2	8	World	Temperate	High
402	GE-DED	Threat	9	9.1	Pollution	Household_sewage_and_urban_waste_water	Communal_discharge_of_residues	1	1	1	3	1	1	1	1	2	2	5	1	1	2	9	World	Temperate	High
403	GE-TUS	Threat	11	11.4	Climate_change_and_severe_weather	Storms_and_flooding	Storms_	4	4	4	1	4	4	4	3	1	2	14	4	4	2	1	World	Temperate	High
404	GE-TUS	Threat	11	11.3	Climate_change_and_severe_weather	Temperature_extremes	Heat_waves	4	4	4	2	4	3	3	3	3	3	13	3	4	2	2	World	Temperate	High
405	GE-TUS	Threat	11	11.2	Climate_change_and_severe_weather	Droughts	Less_precipitation	4	4	4	1	4	3	3	3	2	3	13	3	4	2	2	World	Temperate	High
406	GE-TUS	Threat	11	11.1	Climate_change_and_severe_weather	Habitat_shifting_and_alteration	Increase_of_mean_temperature_	4	2	4	1	4	3	3	2	4	3	13	3	4	2	2	World	Temperate	High
407	GE-TUS	Threat	11	11.4	Climate_change_and_severe_weather	Storms_and_flooding	Flash_floods	3	3	4	2	4	3	3	1	2	2	12	3	4	2	3	World	Temperate	High
408	GE-TUS	Threat	11	11.4	Climate_change_and_severe_weather	Storms_and_flooding	Floods	2	4	3	1	3	3	3	3	2	3	12	3	3	2	3	World	Temperate	High
409	GE-TUS	Threat	9	9.3	Pollution	Agricultural_and_forestry_effluents	Erosion	2	2	3	1	3	3	3	1	2	2	11	3	3	2	4	World	Temperate	High
410	GE-TUS	Threat	7	7.1	Natural_system_modifications	Fire_and_fire_suppression	Forest_fires_(foot_hill_and_upper_forest)	1	3	3	2	3	1	2	3	4	4	10	2	3	2	5	World	Temperate	High
411	GE-TUS	Threat	2	2.1	Agriculture_and_aquaculture	Annual_and_perennial_nontimber_crops	Reduction_of_agricultural_rural_activities	2	2	3	1	3	3	3	1	1	1	10	2	3	2	5	World	Temperate	High
412	GE-TUS	Threat	8	8.2	Invasive_and_other_problematic_species_and_genes	Problematic_native_species	Diseases/_pest/_funghi	3	3	3	2	3	2	1	4	4	4	10	2	3	2	5	World	Temperate	High
413	GE-TUS	Threat	8	8.1	Invasive_and_other_problematic_species_and_genes	Invasive_non-native/alien_species	Invasive_species	2	2	3	4	3	2	2	3	3	3	10	2	3	2	5	World	Temperate	High
414	GE-TUS	Threat	2	2.3	Agriculture_and_aquaculture	Livestock_farming_and_ranching	Fences_(Increase_of_barriers_(e.g._fences)_for_cattle/sheep/goat_migration_routes)	2	3	2	1	3	3	3	1	1	1	10	2	2	1	5	World	Temperate	High
415	GE-TUS	Threat	2	2.3	Agriculture_and_aquaculture	Livestock_farming_and_ranching	Increase_of_browsing_of_cattle/sheep/goat_on_agricultural_crops,_especially_wine_	2	2	1	1	2	3	3	2	2	2	10	2	2	1	5	World	Temperate	High
416	GE-TUS	Threat	6	6.1	Human_intrusions_and_disturbance	Recreational_activities	Disturbance_of_fauna_and_flora_(also_change_in_composition)_	4	3	2	2	3	3	3	1	1	1	10	2	2	2	5	World	Temperate	High
417	GE-TUS	Threat	6	6.3	Human_intrusions_and_disturbance	Work_and_other_activities	Disturbance_of_fauna_and_flora_(also_change_in_composition)_	4	3	2	2	3	3	3	1	1	1	10	2	2	2	5	World	Temperate	High
418	GE-TUS	Threat	10	10.2	Geological_events	Earthquakes/tsunamis	Earth_quakes	3	3	3	2	3	2	2	3	1	2	9	2	4	2	6	World	Temperate	High
419	GE-TUS	Threat	5	5.3	Biological_resource_use	Logging_and_wood_harvesting	Logging_(via_licensing_/_legal)_	2	3	3	3	3	1	1	3	4	4	9	2	2	2	6	World	Temperate	High
420	GE-TUS	Threat	2	2.3	Agriculture_and_aquaculture	Livestock_farming_and_ranching	Overgrazing	2	3	4	3	4	2	1	1	1	1	8	2	2	2	7	World	Temperate	High
421	GE-TUS	Threat	9	9.1	Pollution	Household_sewage_and_urban_waste_water	Dumping_of_household_wastes_in_water__	1	3	4	2	3	2	1	1	2	2	8	2	3	1	7	World	Temperate	High
422	GE-TUS	Threat	9	9.3	Pollution	Agricultural_and_forestry_effluents	Eutrophication_(Farms_on_riversides_dumping_dung_into_river)	1	2	2	2	2	2	1	3	2	3	8	2	2	2	7	World	Temperate	High
423	GE-TUS	Threat	9	9.3	Pollution	Agricultural_and_forestry_effluents	Pesticides_	2	3	3	1	3	1	1	3	3	3	8	2	3	2	7	World	Temperate	High
424	GE-TUS	Threat	5	5.3	Biological_resource_use	Logging_and_wood_harvesting	Logging_(illegal)_	2	3	3	3	3	1	1	2	4	3	8	2	2	2	7	World	Temperate	High
425	GE-TUS	Threat	5	5.3	Biological_resource_use	Logging_and_wood_harvesting	Cutting_of_forest_(for_fuel_wood)	3	3	4	3	4	1	1	1	3	2	8	2	2	2	7	World	Temperate	High
426	GE-TUS	Threat	9	9.1	Pollution	Household_sewage_and_urban_waste_water	Poor_sewage_treatment_system_	2	3	3	1	3	1	1	3	2	3	8	2	3	2	7	World	Temperate	High
427	GE-TUS	Threat	2	2.1	Agriculture_and_aquaculture	Annual_and_perennial_nontimber_crops	Increase_of_ploughing_land_(b/c_of_reduction_of_pasture_lands)	1	2	3	3	3	1	1	2	2	2	7	1	2	2	8	World	Temperate	High
428	GE-TUS	Threat	5	5.1	Biological_resource_use	Hunting_and_collecting_terrestrial_animals	Poaching	2	2	3	4	3	1	1	1	2	2	7	1	2	1	8	World	Temperate	High
429	GE-TUS	Threat	9	9.4	Pollution	Garbage_and_solid_waste	Garbage_and_solid_waste	2	3	3	1	3	1	1	1	2	2	7	1	3	2	8	World	Temperate	High
430	NA-OKF	Threat	11	11.2	Climate_change_and_severe_weather	Droughts	Droughts	4	2	4	1	4	4	4	4	4	4	16	4	4	2	1	World	Tropics	Medium
431	NA-OKF	Threat	11	11.2_	Climate_change_and_severe_weather	Droughts	Less_precipitation	4	3	3	1	4	3	4	4	4	4	15	4	4	2	2	World	Tropics	Medium
432	NA-OKF	Threat	2	2.3	Agriculture_and_aquaculture	Livestock_farming_and_ranching	Overgrazing_	4	4	4	1	4	4	4	2	4	3	15	4	4	1	2	World	Tropics	Medium
433	NA-OKF	Threat	11	11.1	Climate_change_and_severe_weather	Habitat_shifting_and_alteration	Short_rainfall_season	4	4	4	1	4	3	4	4	4	4	15	4	4	1	2	World	Tropics	Medium
434	NA-OKF	Threat	7	7.1	Natural_system_modifications	Fire_and_fire_suppression	Agricultural_fires	4	3	3	3	4	3	3	4	4	4	14	4	3	1	3	World	Tropics	Medium
435	NA-OKF	Threat	11	11.3	Climate_change_and_severe_weather	Temperature_extremes	Extreme_temperature_variation	4	2	2	2	3	2	4	4	4	4	13	3	4	3	4	World	Tropics	Medium
436	NA-OKF	Threat	8	8.2_	Invasive_and_other_problematic_species_and_genes	Problematic_native_species	Increased_weeds_(>)	4	4	4	2	4	3	4	1	3	2	13	3	1	1	4	World	Tropics	Medium
437	NA-OKF	Threat	7	7.3	Natural_system_modifications	Other_ecosystem_modifications	Fences	4	4	3	3	4	2	4	2	3	3	13	3	1	1	4	World	Tropics	Medium
438	NA-OKF	Threat	2	2.3	Agriculture_and_aquaculture	Livestock_farming_and_ranching	Overstocking	4	3	3	1	4	3	3	1	3	2	12	3	4	1	5	World	Tropics	Medium
439	NA-OKF	Threat	8	8.2	Invasive_and_other_problematic_species_and_genes	Problematic_native_species	Pests	4	2	4	4	4	3	2	3	3	3	12	3	3	1	5	World	Tropics	Medium
440	NA-OKF	Threat	11	11.1	Climate_change_and_severe_weather	Habitat_shifting_and_alteration	Increased_variability_within_season	4	2	2	2	3	3	3	3	2	3	12	3	4	2	5	World	Tropics	Medium
441	NA-OKF	Threat	7	7.3	Natural_system_modifications	Other_ecosystem_modifications	Soil_compaction_	2	2	3	2	3	2	3	3	3	3	11	3	4	2	6	World	Tropics	Medium
442	NA-OKF	Threat	11	11.4	Climate_change_and_severe_weather	Storms_and_flooding	Heavy_precipitation_events	3	2	3	2	3	3	3	2	2	2	11	3	4	2	6	World	Tropics	Medium
443	NA-OKF	Threat	5	5.3	Biological_resource_use	Logging_and_wood_harvesting	Deforestation	2	2	3	1	3	2	3	2	4	3	11	3	3	2	6	World	Tropics	Medium
444	NA-OKF	Threat	8	8.2	Invasive_and_other_problematic_species_and_genes	Problematic_native_species	Bush_encroachment	3	2	3	2	3	3	3	1	2	2	11	2	4	1	6	World	Tropics	Medium
445	NA-OKF	Threat	9	9.3	Pollution	Agricultural_and_forestry_effluents	Soil_erosion	2	2	2	1	2	2	2	1	4	3	9	2	3	1	7	World	Tropics	Medium
446	NA-OKF	Threat	7	7.1	Natural_system_modifications	Fire_and_fire_suppression	Forest_fires	NA	NA	NA	NA	NA	NA	NA	4	4	4	NA	NA	NA	NA	8	World	Tropics	Medium
447	NA-OKF	Threat	5	5.1	Biological_resource_use	Hunting_and_collecting_terrestrial_animals	Overharvesting	NA	NA	NA	NA	NA	NA	NA	1	4	3	NA	NA	NA	NA	8	World	Tropics	Medium
448	NA-OKF	Threat	5	5.2	Biological_resource_use	Gathering_terrestrial_plants	Overharvesting	NA	NA	NA	NA	NA	NA	NA	1	4	3	NA	NA	NA	NA	8	World	Tropics	Medium
449	NA-OKF	Threat	5	5.3	Biological_resource_use	Logging_and_wood_harvesting	Logging_	NA	NA	NA	NA	NA	NA	NA	1	3	2	NA	NA	NA	NA	8	World	Tropics	Medium
450	RU-FCS	Threat	11	11.4	Climate_change_and_severe_weather	Storms_and_flooding	Extreme_weather_events	4	4	3	1	4	3	2	4	4	4	13	3	4	2	1	World	Temperate	High
451	RU-FCS	Threat	4	4.1	Transportation_and_service_corridors	Roads_and_railroads	Road_construction_(non-forest)	1	4	4	2	4	2	2	4	4	4	12	3	2	2	2	World	Temperate	High
452	RU-FCS	Threat	7	7.3	Natural_system_modifications	Other_ecosystem_modifications	Changed_relief_in_cutting_sites_(piled_up_soil_and_residues)	1	3	4	2	3	2	2	4	4	4	11	3	1	3	3	World	Temperate	High
453	RU-FCS	Threat	5	5.3	Biological_resource_use	Logging_and_wood_harvesting	Forest_infrastructure	3	4	3	4	4	1	2	4	4	4	11	3	3	2	3	World	Temperate	High
454	RU-FCS	Threat	5	5.3	Biological_resource_use	Logging_and_wood_harvesting	Overharvesting_of_timber_resources	3	4	3	4	4	2	1	4	4	4	11	3	3	2	3	World	Temperate	High
455	RU-FCS	Threat	5	5.3	Biological_resource_use	Logging_and_wood_harvesting	Deforestation	1	4	4	3	4	1	2	4	4	4	11	3	2	1	3	World	Temperate	High
456	RU-FCS	Threat	5	5.3	Biological_resource_use	Logging_and_wood_harvesting	Harvesting_in_HCVF,_including_intact_forests	3	4	3	4	4	1	1	4	4	4	10	2	3	1	4	World	Temperate	High
457	RU-FCS	Threat	5	5.3	Biological_resource_use	Logging_and_wood_harvesting	Deforestation/clear_cuts_(Too_big_size_of_clear_cuts)	4	3	3	4	4	1	1	4	4	4	10	2	3	1	4	World	Temperate	High
458	RU-FCS	Threat	8	8.1	Invasive_and_other_problematic_species_and_genes	Invasive_non-native/alien_species	Exotic_species	1	3	3	2	3	2	2	3	2	3	10	2	2	2	4	World	Temperate	High
459	RU-FCS	Threat	7	7.2	Natural_system_modifications	Dams_and_water_management/use	Hydro_melioration	1	3	3	2	3	1	1	4	4	4	9	2	1	2	5	World	Temperate	High
460	RU-FCS	Threat	5	5.3	Biological_resource_use	Logging_and_wood_harvesting	Selective_logging_(Excess_of_allowed_cut_during_selective_logging)	1	2	2	4	2	1	2	4	4	4	9	2	3	1	5	World	Temperate	High
461	RU-FCS	Threat	5	5.1	Biological_resource_use	Hunting_and_collecting_terrestrial_animals	Overhunting	3	2	2	4	3	1	1	3	4	4	9	2	3	1	5	World	Temperate	High
462	RU-FCS	Threat	5	5.3	Biological_resource_use	Logging_and_wood_harvesting	Selective_logging_(Damage_to_trees_during_selective_cutting)	1	2	2	4	2	2	1	4	4	4	9	2	3	1	5	World	Temperate	High
463	RU-FCS	Threat	5	5.3	Biological_resource_use	Logging_and_wood_harvesting	Gathering_of_forest_litter	1	1	1	2	1	2	2	3	2	3	8	2	1	3	6	World	Temperate	High
464	RU-FCS	Threat	2	2.3	Agriculture_and_aquaculture	Livestock_farming_and_ranching	Excessive_domestic_reindeer_pastures	1	1	1	2	1	2	2	3	3	3	8	2	1	3	6	World	Temperate	High
465	RU-FCS	Threat	8	8.2	Invasive_and_other_problematic_species_and_genes	Problematic_native_species	Outbreak_of_insects,_fungi,_etc._	2	2	2	2	2	2	2	1	2	2	8	2	3	2	6	World	Temperate	High
466	RU-FCS	Threat	7	7.3	Natural_system_modifications	Other_ecosystem_modifications	Soil_degradation_	2	3	1	2	2	1	2	1	3	2	7	1	1	2	7	World	Temperate	High
467	RU-FCS	Threat	5	5.2	Biological_resource_use	Gathering_terrestrial_plants	Overexploitation_of_wild_raw_non-timber_materials	2	3	3	4	3	1	1	1	1	1	6	1	3	2	8	World	Temperate	High
468	RU-FCS	Threat	8	8.1	Invasive_and_other_problematic_species_and_genes	Invasive_non-native/alien_species	Exotic_species_-_introduction	1	1	1	3	1	1	2	1	1	1	5	1	2	2	9	World	Temperate	High
469	RU-FCS	Threat	7	7.1	Natural_system_modifications	Fire_and_fire_suppression	Forest_fires	NA	NA	NA	NA	NA	NA	NA	3	4	4	4	1	NA	NA	NA	World	Temperate	High
470	RU-FCS	Threat	7	7.2	Natural_system_modifications	Dams_and_water_management/use	Change_of_hydrological_regime	NA	NA	NA	NA	NA	NA	NA	1	2	2	2	1	NA	NA	NA	World	Temperate	High
471	RU-FCS	Threat	9	9.2	Pollution	Industrial_and_military_effluents	Discharge_of_heavy_metals_	NA	NA	NA	NA	NA	NA	NA	1	1	1	1	1	NA	NA	NA	World	Temperate	High
472	RU-FCS	Threat	9	9.4	Pollution	Garbage_and_solid_waste	Soil_pollution	NA	NA	NA	NA	NA	NA	NA	NA	NA	NA	NA	NA	NA	NA	NA	World	Temperate	High
473	RU-FCS	Threat	5	5.3	Biological_resource_use	Logging_and_wood_harvesting	High_grade_cuttings	NA	NA	NA	NA	NA	NA	NA	NA	NA	NA	NA	NA	NA	NA	NA	World	Temperate	High
474	MY-RSP	Threat	5	5.4	Biological_resource_use	Fishing_and_harvesting_aquatic_resources	Overfishing	4	4	4	1	4	4	4	4	3	16	4	4	4	3	1	World	Tropics	High
475	MY-RSP	Threat	5	5.1	Biological_resource_use	Hunting_and_collecting_terrestrial_animals	Overhunting	4	4	4	1	4	4	4	3	2	15	3	4	4	3	2	World	Tropics	High
476	MY-RSP	Threat	2	2.2	Agriculture_and_aquaculture	Wood_and_pulp_plantations	Land_clearance_for_oil_palm_&_rubber_plantation_rotation	2	4	4	1	4	3	3	4	4	14	4	4	3	3	3	World	Tropics	High
477	MY-RSP	Threat	11	11.1	Climate_change_and_severe_weather	Habitat_shifting_and_alteration	Changes_in_precipitation_regime	4	2	4	1	4	3	3	3	3	13	3	3	4	3	4	World	Tropics	High
478	MY-RSP	Threat	9	9.3	Pollution	Agricultural_and_forestry_effluents	Agrochemicals	3	3	3	1	3	3	3	3	4	13	4	3	3	1	4	World	Tropics	High
479	MY-RSP	Threat	11	11.2	Climate_change_and_severe_weather	Droughts	Droughts	4	3	4	1	4	3	4	1	2	13	2	3	4	3	4	World	Tropics	High
480	MY-RSP	Threat	11	11.2	Climate_change_and_severe_weather	Droughts	Less_precipitation	1	2	4	1	3	3	4	4	2	13	3	3	4	3	4	World	Tropics	High
481	MY-RSP	Threat	11	11.4	Climate_change_and_severe_weather	Storms_and_flooding	Floods	4	3	4	1	4	3	4	1	2	13	2	3	4	3	4	World	Tropics	High
482	MY-RSP	Threat	11	11.1	Climate_change_and_severe_weather	Habitat_shifting_and_alteration	Altered_rainfall_&_run-off_patterns	4	3	4	1	4	3	4	1	2	13	2	3	4	3	4	World	Tropics	High
483	MY-RSP	Threat	11	11.1	Climate_change_and_severe_weather	Habitat_shifting_and_alteration	Sea_level_rise	4	3	4	1	4	3	4	3	1	13	2	3	4	3	4	World	Tropics	High
484	MY-RSP	Threat	11	11.1	Climate_change_and_severe_weather	Habitat_shifting_and_alteration	Increase_of_mean_temperature_(Air)	4	3	4	1	4	3	4	1	2	13	2	3	4	3	4	World	Tropics	High
485	MY-RSP	Threat	11	11.4	Climate_change_and_severe_weather	Storms_and_flooding	Extreme_weather_events	4	3	4	1	4	3	4	2	1	13	2	3	4	3	4	World	Tropics	High
486	MY-RSP	Threat	11	11.2	Climate_change_and_severe_weather	Droughts	Irregular_and_unpredictable_droughts	3	4	3	1	4	3	4	1	2	13	2	3	4	3	4	World	Tropics	High
487	MY-RSP	Threat	8	8.1	Invasive_and_other_problematic_species_and_genes	Invasive_non-native/alien_species	Diseases	2	3	3	2	3	3	3	3	2	12	3	3	4	3	5	World	Tropics	High
488	MY-RSP	Threat	11	11.4	Climate_change_and_severe_weather	Storms_and_flooding	Irregular_and_unpredictable_floods_	3	4	3	1	4	3	4	1	2	13	2	3	4	3	4	World	Tropics	High
489	MY-RSP	Threat	8	8.2	Invasive_and_other_problematic_species_and_genes	Problematic_native_species	Diseases	2	3	3	2	3	3	3	3	2	12	3	3	4	3	5	World	Tropics	High
490	MY-RSP	Threat	9	9.2	Pollution	Industrial_and_military_effluents	Releasing_palm_oil_mill_effluents	3	3	3	1	3	3	3	3	3	12	3	3	3	1	5	World	Tropics	High
491	MY-RSP	Threat	9	9.2	Pollution	Industrial_and_military_effluents	Discharge_of_heavy_metals_and_other_toxins	3	3	3	1	3	3	3	1	4	12	3	3	3	2	5	World	Tropics	High
492	MY-RSP	Threat	8	8.1	Invasive_and_other_problematic_species_and_genes	Invasive_non-native/alien_species	Invasive_species	4	3	4	1	4	3	3	3	1	12	2	3	4	3	5	World	Tropics	High
493	MY-RSP	Threat	5	5.1	Biological_resource_use	Hunting_and_collecting_terrestrial_animals	Poisoning_of_wildlife_animals	2	3	4	1	4	3	3	1	2	12	2	3	3	3	5	World	Tropics	High
494	MY-RSP	Threat	5	5.3	Biological_resource_use	Logging_and_wood_harvesting	Logging_(salvage)	2	4	4	3	4	2	2	1	4	11	3	3	2	1	6	World	Tropics	High
495	MY-RSP	Threat	7	7.2	Natural_system_modifications	Dams_and_water_management/use	Disrupting_ground_and_surface_water_flow	1	3	4	1	3	3	4	1	1	11	1	3	4	2	6	World	Tropics	High
496	MY-RSP	Threat	3	3.2	Energy_production_and_mining	Mining_and_quarrying	Uncovering/_exposing_of_soil_surface	3	4	3	3	4	2	2	1	4	11	3	3	2	1	6	World	Tropics	High
497	MY-RSP	Threat	5	5.3	Biological_resource_use	Logging_and_wood_harvesting	Uncovering/_exposing_of_soil_surface	3	4	3	3	4	2	2	1	4	11	3	3	2	1	6	World	Tropics	High
498	MY-RSP	Threat	6	6.1	Human_intrusions_and_disturbance	Recreational_activities	Disturbance_of_animals_by_humans	4	3	2	1	3	3	3	1	2	11	2	3	3	2	6	World	Tropics	High
499	MY-RSP	Threat	6	6.3	Human_intrusions_and_disturbance	Work_and_other_activities	Disturbance_of_animals_by_humans	4	3	2	1	3	3	3	1	2	11	2	3	3	2	6	World	Tropics	High
500	MY-RSP	Threat	9	9.4	Pollution	Garbage_and_solid_waste	Garbage_and_solid_waste	1	3	2	1	2	3	3	2	2	10	2	2	3	1	7	World	Tropics	High
501	MY-RSP	Threat	7	7.1	Natural_system_modifications	Fire_and_fire_suppression	Fires	3	3	3	3	3	2	2	1	4	10	3	2	3	2	7	World	Tropics	High
502	MY-RSP	Threat	7	7.3	Natural_system_modifications	Other_ecosystem_modifications	Soil_compaction_	3	3	2	3	3	2	2	1	4	10	3	2	2	2	7	World	Tropics	High
503	MY-RSP	Threat	2	2.1	Agriculture_and_aquaculture	Annual_and_perennial_nontimber_crops	Mechanical_turn-over_of_soil_layers	2	3	3	3	3	2	2	1	4	10	3	2	2	1	7	World	Tropics	High
504	MY-RSP	Threat	7	7.2	Natural_system_modifications	Dams_and_water_management/use	Exposing_water_courses	3	3	3	1	3	3	2	3	1	10	2	2	3	2	7	World	Tropics	High
505	MY-RSP	Threat	8	8.2	Invasive_and_other_problematic_species_and_genes	Problematic_native_species	Manipulation_of_natural_species_composition_by_enhancement_of_few_beneficial_species	3	3	3	3	3	2	2	1	4	10	3	2	3	2	7	World	Tropics	High
506	MY-RSP	Threat	5	5.3	Biological_resource_use	Logging_and_wood_harvesting	Logging_(RIL=reduced_impact_logging)	2	3	1	3	2	2	2	3	3	9	3	2	2	1	8	World	Tropics	High
507	MY-RSP	Threat	2	2.1	Agriculture_and_aquaculture	Annual_and_perennial_nontimber_crops	Extraction_of_nutrient_rich_biomass_(incl._oil_palm_fruit_bunches)	3	2	2	2	3	2	2	2	2	9	2	2	3	3	8	World	Tropics	High
508	MY-RSP	Threat	5	5.2	Biological_resource_use	Gathering_terrestrial_plants	Extraction_of_nutrient_rich_biomass_(incl._oil_palm_fruit_bunches)	3	2	2	2	3	2	2	2	2	9	2	2	3	3	8	World	Tropics	High
509	MY-RSP	Threat	7	7.3	Natural_system_modifications	Other_ecosystem_modifications	Fences_(Building_electric_fences)	1	1	1	1	1	3	3	1	2	9	2	2	3	1	8	World	Tropics	High
510	MY-RSP	Threat	5	5.2	Biological_resource_use	Gathering_terrestrial_plants	Overexploitation_of_wild_raw_non-timber_materials	1	3	2	3	2	1	3	1	3	8	2	2	3	2	9	World	Tropics	High
511	MY-RSP	Threat	4	4.1	Transportation_and_service_corridors	Roads_and_railroads	Roadkills_(in-_&_outside_of_plantations)	2	3	3	3	3	2	2	1	1	8	1	2	4	2	9	World	Tropics	High
512	MY-RSP	Threat	9	9.5	Pollution	Air-borne_pollutants	Air_borne_pollutants_(Producing_haze_from_forest_fires,_plantations_&_mills)	1	1	1	2	1	3	2	1	1	7	1	1	2	3	10	World	Tropics	High
513	NA-MNY	Threat	11	11.2	Climate_change_and_severe_weather	Droughts	Drier_rainy_season	NA	NA	NA	1	4	4	4	4	4	4	16	4	3	1	1	World	Tropics	Medium
514	NA-MNY	Threat	11	11.3	Climate_change_and_severe_weather	Temperature_extremes	Hotter_rainy_season	NA	NA	NA	1	4	4	4	4	4	4	16	4	3	1	1	World	Tropics	Medium
515	NA-MNY	Threat	11	11.2	Climate_change_and_severe_weather	Droughts	Droughts	NA	NA	NA	1	4	3	4	2	2	2	13	3	4	1	2	World	Tropics	Medium
516	NA-MNY	Threat	7	7.3	Natural_system_modifications	Other_ecosystem_modifications	Fences_(Vet._Fences_along_Namibian/Botswanan_border_is_a_barrier_for_certain_animals_(Giraffe,_small_antilopes))	NA	NA	NA	1	3	3	4	3	1	2	12	3	4	4	3	World	Tropics	Medium
517	NA-MNY	Threat	7	7.3	Natural_system_modifications	Other_ecosystem_modifications	Soil_degredation	NA	NA	NA	1	2	3	4	1	2	2	11	3	2	1	4	World	Tropics	Medium
518	NA-MNY	Threat	5	5.3	Biological_resource_use	Logging_and_wood_harvesting	Overharvesting_of_timber_resources	NA	NA	NA	1	3	3	3	2	1	2	11	3	1	2	4	World	Tropics	Medium
519	NA-MNY	Threat	7	7.1	Natural_system_modifications	Fire_and_fire_suppression	Uncontrolled_fires	NA	NA	NA	1	4	3	2	1	1	1	10	2	1	1	5	World	Tropics	Medium
520	NA-MNY	Threat	7	7.1	Natural_system_modifications	Fire_and_fire_suppression	Uncontrolled_fires	NA	NA	NA	1	3	2	1	1	2	2	8	2	1	1	6	World	Tropics	Medium
521	NA-MNY	Threat	5	5.1	Biological_resource_use	Hunting_and_collecting_terrestrial_animals	Hunting_(Trophy_hunting_before_Conservancy)	NA	NA	NA	1	3	2	1	3	1	2	8	2	1	1	6	World	Tropics	Medium
522	NA-MNY	Threat	5	5.2	Biological_resource_use	Gathering_terrestrial_plants	Poaching_	NA	NA	NA	1	3	2	1	1	2	2	8	2	2	1	6	World	Tropics	Medium
523	NA-MNY	Threat	6	6.3	Human_intrusions_and_disturbance	Work_and_other_activities	Disturbance_of_animals_	NA	NA	NA	1	4	2	1	1	1	1	8	2	1	1	6	World	Tropics	Medium
524	NA-MNY	Threat	5	5.1	Biological_resource_use	Hunting_and_collecting_terrestrial_animals	Human_wildlife_conflict_due_to_fields_put_on_corridors_	NA	NA	NA	1	3	2	1	1	3	2	8	2	2	2	6	World	Tropics	Medium
525	NA-MNY	Threat	6	6.3	Human_intrusions_and_disturbance	Work_and_other_activities	Human_wildlife_conflict_due_to_fields_put_on_corridors_	NA	NA	NA	1	3	2	1	1	3	2	8	2	2	2	6	World	Tropics	Medium
526	NA-MNY	Threat	7	7.3	Natural_system_modifications	Other_ecosystem_modifications	Fences_(Future_fencing_=_small_scale_farms_east_of_Muduva_will_block_wildlife_movements_(incompatible_land_uses))	NA	NA	NA	1	3	2	1	3	1	2	8	2	2	1	6	World	Tropics	Medium
527	NA-MNY	Threat	5	5.1	Biological_resource_use	Hunting_and_collecting_terrestrial_animals	Hunting_(for_subsistence_before_Conservancy)	NA	NA	NA	1	2	2	1	1	1	1	6	1	1	2	7	World	Tropics	Medium
528	NA-GMU	Threat	11	11.2	Climate_change_and_severe_weather	Droughts	Droughts	NA	NA	NA	1	4	4	4	3	3	3	15	4	4	3	1	World	Tropics	Medium
529	NA-GMU	Threat	11	11.1	Climate_change_and_severe_weather	Habitat_shifting_and_alteration	Increased_variability_of_the_climate	NA	NA	NA	2	4	4	4	3	2	3	15	4	4	4	1	World	Tropics	Medium
530	NA-GMU	Threat	11	11.2	Climate_change_and_severe_weather	Droughts	Lack_of_rain	NA	NA	NA	2	4	4	4	3	2	3	15	4	4	4	1	World	Tropics	Medium
531	NA-GMU	Threat	11	11.1	Climate_change_and_severe_weather	Habitat_shifting_and_alteration	Increase_of_mean_temperature_	NA	NA	NA	1	4	4	4	2	1	2	14	4	4	4	2	World	Tropics	Medium
532	NA-GMU	Threat	7	7.1	Natural_system_modifications	Fire_and_fire_suppression	Forest_fires	NA	NA	NA	4	3	2	1	1	2	2	8	2	2	1	3	World	Tropics	Medium
533	NA-GMU	Threat	5	5.3	Biological_resource_use	Logging_and_wood_harvesting	Deforestation	NA	NA	NA	4	2	2	1	3	2	3	8	2	1	1	3	World	Tropics	Medium
534	NA-GMU	Threat	7	7.2	Natural_system_modifications	Dams_and_water_management/use	Increased_ground-water_consumption_	NA	NA	NA	4	3	2	1	1	1	1	7	1	2	1	4	World	Tropics	Medium
535	NA-GMU	Threat	7	7.3	Natural_system_modifications	Other_ecosystem_modifications	Soil_degradation_	NA	NA	NA	1	3	2	1	1	1	1	7	1	1	1	4	World	Tropics	Medium
536	NA-GMU	Threat	2	2.3	Agriculture_and_aquaculture	Livestock_farming_and_ranching	Overgrazing	NA	NA	NA	4	2	2	1	1	2	2	7	1	1	1	4	World	Tropics	Medium
537	NA-GMU	Threat	5	5.1	Biological_resource_use	Hunting_and_collecting_terrestrial_animals	Poaching	NA	NA	NA	4	2	2	1	1	2	2	7	1	2	1	4	World	Tropics	Medium
538	NA-GMU	Threat	6	6.3	Human_intrusions_and_disturbance	Work_and_other_activities	Taking_livestock_to_the_grazing_ground	NA	NA	NA	4	3	2	1	1	1	1	7	1	1	1	4	World	Tropics	Medium
539	NA-GMU	Threat	5	5.3	Biological_resource_use	Logging_and_wood_harvesting	Logging	NA	NA	NA	4	2	2	1	1	1	1	6	1	2	1	5	World	Tropics	Medium
540	NA-GMU	Threat	7	7.1_	Natural_system_modifications	Fire_and_fire_suppression	Lack_of_burning_in_some_parts	NA	NA	NA	4	1	1	1	3	1	2	5	1	2	1	6	World	Tropics	Medium
541	BR-CPB	Threat	11	11.1	Climate_change_and_severe_weather	Habitat_shifting_and_alteration	Increase_of_mean_temperature	4	4	4	1	4	3	4	4	3	4	15	4	4	3	1	LatAm	Tropics	High
542	BR-CPB	Threat	4	4.1	Transportation_and_service_corridors	Roads_and_railroads	Rural_roads	2	4	4	1	4	3	4	4	4	4	15	4	1	2	1	LatAm	Tropics	High
543	BR-CPB	Threat	11	11.1	Climate_change_and_severe_weather	Habitat_shifting_and_alteration	Changes_in_precipitation_regime	4	3	4	1	4	3	4	3	3	3	14	4	4	3	2	LatAm	Tropics	High
544	BR-CPB	Threat	11	11.1	Climate_change_and_severe_weather	Habitat_shifting_and_alteration	Acidification	4	4	4	1	4	3	4	3	2	3	14	4	4	3	2	LatAm	Tropics	High
545	BR-CPB	Threat	11	11.2	Climate_change_and_severe_weather	Droughts	Droughts	3	4	4	1	4	3	4	3	3	3	14	4	4	3	2	LatAm	Tropics	High
546	BR-CPB	Threat	4	4.1	Transportation_and_service_corridors	Roads_and_railroads	Roads	1	4	4	1	4	3	3	4	4	4	14	4	1	1	2	LatAm	Tropics	High
547	BR-CPB	Threat	11	11.1	Climate_change_and_severe_weather	Habitat_shifting_and_alteration	Sea_level_rise	2	4	4	1	4	3	4	2	1	2	13	3	4	3	3	LatAm	Tropics	High
548	BR-CPB	Threat	11	11.1	Climate_change_and_severe_weather	Habitat_shifting_and_alteration	Sea_level_changes	2	4	4	1	4	3	4	2	1	2	13	3	4	3	3	LatAm	Tropics	High
549	BR-CPB	Threat	11	11.4	Climate_change_and_severe_weather	Storms_and_flooding	Extreme_weather_events	2	3	2	1	3	3	4	3	2	3	13	3	4	3	3	LatAm	Tropics	High
550	BR-CPB	Threat	7	7.2	Natural_system_modifications	Dams_and_water_management/use	Aggradetion_	3	4	4	1	4	3	3	3	2	3	13	3	2	3	3	LatAm	Tropics	High
551	BR-CPB	Threat	9	9.3	Pollution	Agricultural_and_forestry_effluents	Soil_erosion	4	4	4	1	4	3	3	1	4	3	13	3	2	3	3	LatAm	Tropics	High
552	BR-CPB	Threat	1	1.1	Residential_and_commercial_development	Housing_and_urban_areas	Rural_infrastructrue	2	3	4	1	4	3	3	2	1	2	12	3	1	3	4	LatAm	Tropics	High
553	BR-CPB	Threat	7	7.2	Natural_system_modifications	Dams_and_water_management/use	Water_extraction	3	4	1	1	3	4	3	1	2	2	12	3	1	3	4	LatAm	Tropics	High
554	BR-CPB	Threat	7	7.2	Natural_system_modifications	Dams_and_water_management/use	Construction_of_dams	1	4	4	1	4	3	3	1	2	2	12	3	1	3	4	LatAm	Tropics	High
555	BR-CPB	Threat	9	9.4	Pollution	Garbage_and_solid_waste	Garbage_and_solid_waste	3	3	4	1	4	3	3	1	2	2	12	3	1	3	4	LatAm	Tropics	High
556	BR-CPB	Threat	3	3.2	Energy_production_and_mining	Mining_and_quarrying	Formation_of_pits	1	4	4	1	4	3	3	1	2	2	12	3	1	3	4	LatAm	Tropics	High
557	BR-CPB	Threat	3	3.2	Energy_production_and_mining	Mining_and_quarrying	Extraction_of_sand	1	4	4	1	4	3	3	1	2	2	12	3	1	3	4	LatAm	Tropics	High
558	BR-CPB	Threat	5	5.4	Biological_resource_use	Fishing_and_harvesting_aquatic_resources	Trawling	3	4	3	1	4	3	3	2	1	2	12	3	1	3	4	LatAm	Tropics	High
559	BR-CPB	Threat	5	5.4	Biological_resource_use	Fishing_and_harvesting_aquatic_resources	Overfishing	2	4	4	1	4	3	2	3	2	3	12	3	1	3	4	LatAm	Tropics	High
560	BR-CPB	Threat	5	5.4	Biological_resource_use	Fishing_and_harvesting_aquatic_resources	Bycatch	1	4	4	1	4	3	2	3	2	3	12	3	2	3	4	LatAm	Tropics	High
561	BR-CPB	Threat	5	5.4	Biological_resource_use	Fishing_and_harvesting_aquatic_resources	Spear_fishing	1	4	4	1	4	3	2	3	2	3	12	3	2	3	4	LatAm	Tropics	High
562	BR-CPB	Threat	8	8.1	Invasive_and_other_problematic_species_and_genes	Invasive_non-native/alien_species	Invasive_species	4	4	4	1	4	3	3	1	2	2	12	3	1	3	4	LatAm	Tropics	High
563	BR-CPB	Threat	8	8.1	Invasive_and_other_problematic_species_and_genes	Invasive_non-native/alien_species	Exotic_species	4	4	4	1	4	3	3	1	2	2	12	3	2	2	4	LatAm	Tropics	High
564	BR-CPB	Threat	11	11.1	Climate_change_and_severe_weather	Habitat_shifting_and_alteration	Changes_of_marine_currents	1	3	4	1	3	3	3	2	1	2	11	3	4	3	5	LatAm	Tropics	High
565	BR-CPB	Threat	9	9.3	Pollution	Agricultural_and_forestry_effluents	Pesticides_	4	4	2	4	3	3	2	3	3	3	11	3	1	3	5	LatAm	Tropics	High
566	BR-CPB	Threat	7	7.1	Natural_system_modifications	Fire_and_fire_suppression	Forest_fires	1	4	4	4	4	2	1	3	4	4	11	3	3	3	5	LatAm	Tropics	High
567	BR-CPB	Threat	5	5.2	Biological_resource_use	Gathering_terrestrial_plants	Overexploitation_of_wild_raw_non-timber_materials	2	4	4	1	4	2	3	1	2	2	11	3	2	3	5	LatAm	Tropics	High
568	BR-CPB	Threat	7	7.2	Natural_system_modifications	Dams_and_water_management/use	(Incorrect)_drainage	2	2	4	1	3	2	3	1	2	2	10	2	1	3	6	LatAm	Tropics	High
569	BR-CPB	Threat	9	9.2	Pollution	Industrial_and_military_effluents	Discharge_of_heavy_metals_	1	2	4	1	3	2	2	3	3	3	10	2	1	3	6	LatAm	Tropics	High
570	BR-CPB	Threat	9	9.3	Pollution	Agricultural_and_forestry_effluents	Agrochemicals_	4	4	2	4	3	3	2	1	2	2	10	2	1	3	6	LatAm	Tropics	High
571	BR-CPB	Threat	7	7.1	Natural_system_modifications	Fire_and_fire_suppression	Agricultural_fires	4	2	3	4	3	2	1	4	4	4	10	2	1	3	6	LatAm	Tropics	High
572	BR-CPB	Threat	7	7.3	Natural_system_modifications	Other_ecosystem_modifications	Soil_compactation_	3	3	4	1	4	3	2	1	1	1	10	2	1	3	6	LatAm	Tropics	High
573	BR-CPB	Threat	5	5.3	Biological_resource_use	Logging_and_wood_harvesting	Deforestation	3	4	4	3	4	2	1	2	3	3	10	2	1	1	6	LatAm	Tropics	High
574	BR-CPB	Threat	2	2.3	Agriculture_and_aquaculture	Livestock_farming_and_ranching	Overgrazing	2	3	4	3	4	2	1	3	2	3	10	2	1	3	6	LatAm	Tropics	High
575	BR-CPB	Threat	11	11.4	Climate_change_and_severe_weather	Storms_and_flooding	Floods	1	1	1	1	1	3	4	1	1	1	9	2	4	3	7	LatAm	Tropics	High
576	BR-CPB	Threat	7	7.2	Natural_system_modifications	Dams_and_water_management/use	Dredging_	1	3	2	1	2	3	2	1	2	2	9	2	1	2	7	LatAm	Tropics	High
577	BR-CPB	Threat	7	7.3	Natural_system_modifications	Other_ecosystem_modifications	Soil_degradation_	1	3	3	2	3	3	3	1	1	1	9	2	3	2	7	LatAm	Tropics	High
578	BR-CPB	Threat	11	11.4	Climate_change_and_severe_weather	Storms_and_flooding	Deluge	3	1	1	1	2	1	3	1	2	2	8	2	4	3	8	LatAm	Tropics	High
579	BR-CPB	Threat	5	5.1	Biological_resource_use	Hunting_and_collecting_terrestrial_animals	Hunting	2	3	3	4	3	2	1	1	3	2	8	2	2	1	8	LatAm	Tropics	High
580	BR-CPB	Threat	5	5.1	Biological_resource_use	Hunting_and_collecting_terrestrial_animals	Animal_trade	2	2	3	4	3	2	1	1	3	2	8	2	1	2	8	LatAm	Tropics	High
581	BR-CPB	Threat	8	8.2	Invasive_and_other_problematic_species_and_genes	Problematic_native_species	Increase_of_pests	3	3	1	3	2	2	3	1	1	1	8	2	3	2	8	LatAm	Tropics	High
582	BR-CPB	Threat	6	6.1	Human_intrusions_and_disturbance	Recreational_activities	Stepping_on_coral_reefs	1	3	4	4	3	1	1	2	1	2	7	1	1	3	9	LatAm	Tropics	High
583	BR-CPB	Threat	5	5.4	Biological_resource_use	Fishing_and_harvesting_aquatic_resources	Net_fishing_on_coral_reefs	1	4	2	1	3	1	1	1	1	1	6	1	1	3	10	LatAm	Tropics	High
